ORDNEW,ORD,Partido,Provincia,Notes,Year1_1805,Year2_1805,YearMid1805,Fecha1_1805,Fecha2_1805,Year1_1810,Year2_1810,YearMid1810,Fecha1_1810,Fecha2_1810,NumCabeceras1805,NumCabeceras1810,TribsMedios_Ind_1805,TribsEnteros_Ind_1805,TribsMedios_Mul_1805,TribsEnteros_Mul_1805,TribsPersons_Ind_1805,TribsPersons_Mul_1805,TribsPersons_Total_1805,Tribs1805,TotalTribPop1805,TotalTribPop1805_NML,Pct_TotalTribPop1805_NML,TotalTribPop1805_Ind,Pct_TotalTribPop1805_Ind,PT_ratio_1805,PT_ratio_1805_Ind,TribsMedios_Ind_1810,TribsEnteros_Ind_1810,TribsMedios_Mul_1810,TribsEnteros_Mul_1810,TribsPersons_Ind_1810,TribsPersons_Mul_1810,TribsPersons_Total_1810,Tribs1810,TotalPop1805_Est,Indios,NonIndios,Blancos,Castas,Mestizos,NM,Pct_Indios,Pct_NonIndios,Pct_Blancos,Pct_Castas,Pct_Mestizos,Pct_NM,TributosRey1805,TributosEncomiendaCaxa1805,TributosEncomiendaFueraCaxa1805,TributosEncomiendaTotal1805,TributosDiezmosEclesiasticosCaxa1805,TributosDiezmosEclesiasticosFueraCaxa1805,TributosDiezmosEclesiasticosTotal1805,TributosDoctrinas1805,MedioRealMinistros1805,MedioRealHospital1805,TotalYearlyTribute1805,TributosRey1810,TributosEncomiendaCaxa1810,TributoEncomiendaFueraCaxa1810,TributosEncomiendaTotal1810,TributosDiezmosEclesiasticosCaxa1810,TributosDiezmosEclesiasticosFueraCaxa1810,TributosDiezmosEclesiasticosTotal1810,TributosDoctrinas1810,MedioRealMinistros1810,MedioRealHospital1810,RealYMedioComunidades1810,TotalYearlyTribute1810
1,1,Acapulco,Mexico,,1804,,1804,1804-04-20,,1809,,1809,1809-07-24,,5,5,102,517,247,399,619,646,1265,1090.5,6359,3850,0.605441107,2509,0.394558893,5.83127006,2.300779459,177,630,250,425,807,675,1482,1268.5,12038,2509,9529,122,9407,122,3850,0.208423326,0.791576674,0.010134574,0.7814421,0.010134574,0.319820568,2723.9375,0,0,0,0,117.03125,117.03125,0,34.34375,34.34375,2909.65625,3108.3125,0,0,0,0,140.59375,140.59375,0,42.03125,42.03125,141,3473.96875
2,2,Actopan,Mexico,,1802,,1802,1802-08-21,,1807,,1807,1807-10-30,,7,7,2137,3223,124,281,5360,405,5765,4634.5,22664,1788,0.078891634,20876,0.921108366,4.890279426,4.50447729,2231,3205,99,219,5436,318,5754,4589,26483,20876,5607,1474,4133,1284,1788,0.788279273,0.211720727,0.055658347,0.15606238,0.048483933,0.06751501,8457.041667,931.6354167,0,931.6354167,143.1979167,207.84375,351.0416667,0,268.21875,268.21875,10276.15625,8342.34375,931.6354167,0,931.6354167,123.6458333,209.40625,333.0520833,0,270.03125,270.03125,1019.25,11166.34375
3,3,Apan,Mexico,,1800,,1800,1800-12-18,,1809,,1809,1809-12-30,,4,4,372,873,45,20,1245,65,1310,1101.5,5348,274,0.051234106,5074,0.948765894,4.855197458,4.606445756,553,842,62,46,1395,108,1503,1195.5,8353,5074,3279,1295,1984,295,274,0.607446426,0.392553574,0.155034119,0.237519454,0.035316653,0.032802586,2210.729167,0,0,0,31.39583333,59.5625,90.95833333,0,66.1875,66.1875,2434.0625,2422.802083,0,0,0,29.19791667,62.90625,92.10416667,0,69.90625,69.90625,258.9375,2913.65625
4,4,Cadereita,Mexico,,1792,,1792,1792-04-12,,1805,,1805,1805-07-30,,10,10,1163,2875,255,157,4038,412,4450,3741,19764,1793,0.090720502,17971,0.909279498,5.283079391,4.803795777,1093,2921,326,176,4014,502,4516,3806.5,27937,17971,10249,4515,5734,2328,1812,0.643268783,0.366861152,0.161608094,0.205247521,0.08333035,0.064860221,7073.354167,0,0,0,0,153.8020833,153.8020833,0,216.03125,216.03125,7659.21875,7270.614583,0,0,0,0,155.7291667,155.7291667,0,216.71875,216.71875,738.9375,8598.71875
5,5,Chalco y Tlayacapa,Mexico,,1800,1803,1801.5,1800-03-30,1803-10-22,1810,1809,1809.5,1810-08-11,1809-09-09,40,76,3518,10559,116,195,14077,311,14388,12571,51005,930,0.018233507,50075,0.981766493,4.057354228,3.983374433,3087,8846,67,131,11933,198,12131,10554,51516,50075,1441,348,1093,61,930,0.972028108,0.027971892,0.006755183,0.021216709,0.001184098,0.018052644,27191.64583,174.8645833,0,174.8645833,1019.177083,933.5625,1952.739583,0,737.53125,737.53125,30794.3125,22893.36458,174.8645833,0,174.8645833,887.4583333,760.03125,1647.489583,0,631.0625,631.0625,2173.3125,28151.15625
6,6,Chilapa,Mexico,,1800,,1800,1800-12-13,,1806,,1806,1806-08-12,,29,36,971,3887,221,68,4858,289,5147,4551,21819,1020,0.046748247,20799,0.953251753,4.794330916,4.570204351,1133,4014,205,67,5147,272,5419,4750,25999,20799,5200,615,4585,1397,1020,0.8,0.200007693,0.023654756,0.176352937,0.053732836,0.039232278,7204.28125,1366.010417,733.9791667,2099.989583,40.19791667,169.40625,209.6041667,0,272.625,272.625,10059.125,7591.989583,1366.010417,744.9166667,2110.927083,37.89583333,181.46875,219.3645833,0,286.28125,286.28125,955.5,11450.34375
7,7,Coatepec,Mexico,,1799,,1799,1799-11-08,,1810,,1810,1810-07-20,,4,11,458,1090,8,0,1548,8,1556,1323,5790,18,0.003108808,5772,0.996891192,4.376417234,4.362811791,473,1014,3,3,1487,6,1493,1255,6251,5772,479,300,179,61,18,0.92337226,0.07662774,0.047992321,0.028635418,0.009758439,0.002879539,2603.895833,0,0,0,48.29166667,73.21875,121.5104167,0,81.65625,81.65625,2888.71875,2452.708333,0,0,0,32.79166667,66.28125,99.07291667,0,73.78125,73.78125,263.0625,2962.40625
8,8,Cuautitlan,Mexico,,1797,,1797,1797-11-03,,1805,,1805,1805-08-31,,9,9,1034,3461,27,31,4495,58,4553,4022.5,18896,185,0.009790432,18711,0.990209568,4.697576134,4.651584835,1687,3481,23,34,5168,57,5225,4370,22368,18711,3657,1014,2643,1506,185,0.836507511,0.163492489,0.045332618,0.118159871,0.067328326,0.008270744,7757.28125,0,0,0,301.25,218.8125,520.0625,0,243.59375,243.59375,8764.53125,8428.802083,0,0,0,325.7916667,238.625,564.4166667,0,265.21875,265.21875,951.5625,10475.21875
9,9,Cuautla de Amilpas,Mexico,,1801,,1801,1801-11-13,,1807,,1807,1807-09-18,,18,18,726,2076,398,615,2802,1013,3815,3253,13184,2794,0.211923544,10390,0.788076456,4.05287427,3.193974792,579,1940,398,760,2519,1158,3677,3188.5,21730,10390,11340,1323,10017,1547,2794,0.478140819,0.521859181,0.060883571,0.46097561,0.071191901,0.128578003,6822.489583,100,0,100,72.94791667,133.5,206.4479167,36,152.4375,152.4375,7469.8125,6771.229167,100,0,100,66.39583333,121.71875,188.1145833,36,139.34375,139.34375,471,7845.03125
10,11,Coyoacan,Mexico,,1799,,1799,1799-11-30,,1810,,1810,1810-05-31,,4,4,1367,3039,22,11,4406,33,4439,3744.5,15652,57,0.003641707,15595,0.996358293,4.179997329,4.164775003,1201,2710,27,14,3911,41,3952,3338,19586,15595,3991,2201,1790,840,57,0.796232002,0.203767998,0.112376187,0.09139181,0.042887777,0.002910242,2096.25,0,4406.75,4406.75,0,199.5,199.5,937.5,232.65625,232.65625,8105.3125,1899.75,0,4731.90625,4731.90625,0,176.6875,176.6875,0,206.90625,206.90625,733.125,7955.28125
11,10,Cuernavaca,Mexico,,1800,,1800,1800-12-06,,1806,,1806,1806-01-20,,72,71,2263,8221,689,1310,10484,1999,12483,11007,36835,4290,0.116465318,32545,0.883534682,3.346506768,2.956754792,2739,8200,907,1580,10939,2487,13426,11603,52593,32545,20262,2636,17626,5012,4532,0.618808587,0.385260396,0.05011655,0.335139657,0.095297853,0.086171163,9629.75,0,9756.4375,9756.4375,0,489.65625,489.65625,3359.375,544.21875,544.21875,24323.65625,10530.25,0,13759.375,13759.375,0,513.28125,513.28125,0,570.90625,570.90625,1949.4375,27894.15625
12,12,Ecatepec,Mexico,,1803,,1803,1803-12-06,,1809,,1809,1809-06-08,,19,19,923,2112,38,14,3035,52,3087,2606.5,12961,181,0.013964972,12780,0.986035028,4.972568579,4.903126798,1024,2127,27,15,3151,42,3193,2667.5,14659,12780,1879,810,1069,608,181,0.87181936,0.12818064,0.055256157,0.072924483,0.041476226,0.012347363,3791.635417,0,835.15625,835.15625,69.89583333,49.25,119.1458333,0,160.84375,160.84375,5067.625,3853.71875,0,893.75,893.75,72,51.21875,123.21875,0,164.65625,164.65625,588.9375,5788.9375
13,13,Huejutla,Mexico,,1797,,1797,1797-05-30,,1810,,1810,1810-01-30,,3,3,116,1703,45,37,1819,82,1901,1820.5,6425,279,0.043424125,6146,0.956575875,3.529250206,3.375995606,186,1849,24,39,2035,63,2098,1993,7747,6146,1601,595,1006,180,279,0.793339357,0.206660643,0.076803924,0.129856719,0.023234801,0.036013941,2332.5625,0,0,0,0,7.5,7.5,0,84.9375,84.9375,2509.9375,2653.25,0,0,0,0,10.4375,10.4375,0,81.1875,81.1875,252.375,3078.4375
14,14,Lerma,Mexico,,1801,,1801,1801-06-24,,1806,,1806,1806-07-14,,3,3,95,752,20,0,847,20,867,809.5,2815,52,0.018472469,2763,0.981527531,3.477455219,3.413218036,196,770,18,1,966,19,985,878,4006,2763,1243,821,422,152,52,0.689715427,0.310284573,0.204942586,0.105341987,0.037943085,0.012980529,1634.03125,0,0,0,0,44.9375,44.9375,0,49.96875,49.96875,1778.90625,1770.9375,0,0,0,0,48.8125,48.8125,0,54.25,54.25,180.75,2109
15,15,Malinalco,Mexico,,1801,,1801,1801-12-02,,1806,,1806,1806-11-25,,18,22,945,3691,46,51,4636,97,4733,4237.5,18785,347,0.018472185,18438,0.981527815,4.433038348,4.351150442,1620,3997,61,56,5617,117,5734,4893.5,24359,18438,5921,2935,2986,2639,347,0.756927624,0.243072376,0.120489347,0.122583029,0.108337781,0.014245248,7836.010417,569.1458333,0,569.1458333,90.5,214.28125,304.78125,73.78125,260.21875,260.21875,9304.15625,9163.59375,569.1458333,0,569.1458333,97.04166667,242.375,339.4166667,73.78125,300.4375,300.4375,1051.3125,11798.125
16,18,Mestitlan,Mexico,,1797,,1797,1797-04-21,,1809,,1809,1809-04-19,,18,20,2234,6196,242,486,8430,728,9158,7920,31808,1730,0.054388833,30078,0.945611167,4.016161616,3.797727273,2958,7497,116,143,10455,259,10714,9177,40246,30078,10296,2984,7312,3033,1730,0.747353774,0.255826666,0.074148169,0.181682652,0.075361527,0.042985638,18367,1016.083333,0,1016.083333,61.97916667,26.8125,88.79166667,28.125,457.0625,457.0625,20414.125,21375.125,1016.083333,0,1016.083333,70.41666667,41.71875,112.1354167,28.125,561,561,1955.625,25609.09375
17,16,Metepec,Mexico,,1801,,1801,1801-03-31,,1806,,1806,1806-06-18,,10,10,1940,7807,81,89,9747,170,9917,8906.5,36210,585,0.016155758,35625,0.983844242,4.065570089,3.999887722,2755,8046,96,93,10801,189,10990,9564.5,47122,35625,11531,2690,8841,5824,585,0.756016298,0.244705233,0.057084029,0.187619371,0.123594075,0.012414583,17437.0625,535.15625,0,535.15625,0,474.40625,474.40625,0,548.5625,548.5625,19543.75,18766.5625,535.15625,0,535.15625,0,514.65625,514.65625,0,588.96875,588.96875,2020.875,23015.1875
18,17,Mexicalcingo,Mexico,,1801,,1801,1801-12-30,,1807,,1807,1807-02-28,,14,17,591,1927,0,0,2518,0,2518,2222.5,10090,0,0,10090,1,4.539932508,4.539932508,609,1961,6,21,2570,27,2597,2289.5,11344,10090,1254,522,732,459,0,0.889456982,0.110543018,0.046034764,0.064527504,0.040461918,0,3959.34375,0,0,0,10.6875,68.25,78.9375,0,138.90625,138.90625,4316.09375,4107.5625,0,0,0,14.53125,71.03125,85.5625,0,141.59375,141.59375,481.875,4958.1875
19,19,"Mexico, sus dos parcialidades",Mexico,,1800,1801,1800.5,1800-12-31,1801-08-04,1806,1807,1806.5,1806-09-13,1807-12-31,2,51,4890,7227,270,283,12117,553,12670,10090,35769,1424,0.03981101,34345,0.96018899,3.544995045,3.403865213,5093,6957,64,59,12050,123,12173,9594.5,107832,34345,73487,52706,20781,0,1424,0.318504711,0.681495289,0.488778841,0.192716448,0,0.013205727,15620.5,0,0,0,0,0,0,0,604.5,604.5,16829.5,14498.75,0,0,0,0,0,0,0,593.96875,593.96875,2259,17945.6875
20,20,Otumba,Mexico,,1800,,1800,1800-09-27,,1807,,1807,1807-11-25,,4,6,547,1088,0,0,1635,0,1635,1361.5,6842,93,0.013592517,6749,0.986407483,5.025339699,4.957032685,637,1101,9,3,1738,12,1750,1427,8895,6749,2146,1118,1028,563,93,0.758740866,0.241259134,0.125688589,0.115570545,0.063293985,0.010455312,2592.84375,53.90625,0,53.90625,87,74.65625,161.65625,0,85.09375,85.09375,2978.59375,2674.791667,53.90625,0,53.90625,142.1458333,77.875,220.0208333,0,88.71875,88.71875,325.5,3451.65625
21,21,Pachuca,Mexico,,1804,,1804,1804-12-28,,1809,,1809,1809-11-27,,6,8,634,730,0,6,1364,6,1370,1053,5503,20,0.003634381,5483,0.996365619,5.226020893,5.20702754,851,832,17,2,1683,19,1702,1268,15118,5483,9635,2755,6880,3017,20,0.362680249,0.637319751,0.1822331,0.455086652,0.199563434,0.001322926,2076.59375,0,0,0,39,58.84375,97.84375,0,65.4375,65.4375,2305.3125,2512.9375,0,0,0,40.5,70.65625,111.15625,0,78.59375,78.59375,315,3096.28125
22,22,Queretaro,Mexico,,1802,1804,1803,1802-07-03,1804-06-11,1807,,1807,1807-07-28,,8,12,3499,11435,835,269,14934,1104,16038,13871,63374,3461,0.054612302,59913,0.945387698,4.568812631,4.319299257,3765,11769,286,384,15534,670,16204,14178.5,82961,59913,23048,10223,12825,5227,3461,0.722182712,0.277817288,0.123226576,0.154590711,0.063005509,0.041718398,28376.46875,0,0,0,0,741.5625,741.5625,0,824.03125,824.03125,30766.09375,28777.40625,0,0,0,0,767.8125,767.8125,0,853.21875,853.21875,2910.1875,34161.84375
23,23,Tacuba,Mexico,,1799,,1799,1799-10-21,,1807,,1807,1807-11-03,,19,17,1699,5712,28,35,7411,63,7474,6610.5,33767,223,0.006604081,33544,0.993395919,5.108085621,5.074351411,1582,5162,19,29,6744,48,6792,5991.5,39425,33544,5881,1826,4055,2436,223,0.850830691,0.149169309,0.046315789,0.102853519,0.061788205,0.005656309,8469.21875,689.34375,4087.5,4776.84375,0,171.46875,171.46875,0,410.09375,410.09375,14237.71875,7529.09375,689.34375,3814.84375,4504.1875,0,153.40625,153.40625,0,372.0625,372.0625,1264.5,14195.3125
24,24,Taxco e Yguala,Mexico,,1799,1804,1801.5,1799-11-16,1804-04-30,1805,,1805,1805-06-16,,24,24,1259,3787,502,641,5046,1143,6189,5308.5,23539,3817,0.162156421,19722,0.837843579,4.434209287,3.715173778,1287,3441,600,453,4728,1053,5781,4837.5,38462,19722,19167,4297,14870,5265,3817,0.512765847,0.49833602,0.111710807,0.386615361,0.136888357,0.099240809,10733.09375,254.625,0,254.625,47.75,222.9375,270.6875,0,259.03125,259.03125,11776.46875,10405.83333,254.625,0,254.625,48.04166667,185.3125,233.3541667,0,207.8125,207.8125,693.9375,12003.375
25,25,Temascaltepec,Mexico,,1801,,1801,1801-08-17,,1806,,1806,1806-08-25,,54,50,2085,7048,204,284,9133,488,9621,8476.5,37219,1779,0.047798168,35440,0.952201832,4.390845278,4.18097092,2581,7365,338,561,9946,899,10845,9385.5,65151,35440,29964,9244,20720,9295,1779,0.543967092,0.459916195,0.141882552,0.318030422,0.14266857,0.027305797,16446.77083,830.8541667,0,830.8541667,0,425.03125,425.03125,0,505.65625,505.65625,18713.96875,18473.98958,830.8541667,0,830.8541667,0,456.625,456.625,0,540.96875,540.96875,1863.75,22707.15625
26,26,Tenango del Valle,Mexico,,1802,,1802,1802-10-30,,1807,,1807,1807-09-07,,51,53,2380,9561,164,112,11941,276,12217,10945,44794,978,0.021833281,43816,0.978166719,4.092645043,4.003289173,4099,9768,135,101,13867,236,14103,11986,55307,43816,11590,5651,5939,3123,978,0.792232448,0.209557561,0.102183576,0.107382429,0.056466632,0.017683114,18249.57292,498.2291667,3361.71875,3859.947917,232.8854167,528.90625,761.7916667,0,671.9375,671.9375,24215.1875,19949.6875,498.2291667,3746.875,4245.104167,237.1770833,578.75,815.9270833,0,738.59375,738.59375,2592.75,29080.65625
27,27,Teotihuacan,Mexico,,1804,,1804,1804-06-10,,1809,,1809,1809-09-13,,7,11,727,1450,32,17,2177,49,2226,1846.5,10681,165,0.015447992,10516,0.984552008,5.784457081,5.695098836,1012,1377,38,17,2389,55,2444,1919,12220,10516,1704,935,769,116,165,0.860556465,0.139443535,0.076513912,0.062929624,0.009492635,0.013502455,3467.65625,159.7708333,0,159.7708333,101.4479167,101.96875,203.4166667,0,113.34375,113.34375,4057.53125,3614.15625,159.7708333,0,159.7708333,103.4479167,105.8125,209.2604167,0,117.6875,117.6875,446.625,4665.1875
28,28,Tetela del Rio,Mexico,,1801,,1801,1801-04-28,,1806,,1806,1806-05-07,,12,12,777,2721,436,868,3498,1304,4802,4195.5,15172,4496,0.296335355,10676,0.703664645,3.616255512,2.544631152,936,2667,529,884,3603,1413,5016,4283.5,14197,10676,3521,826,2695,2018,4496,0.752,0.248010143,0.058181306,0.189828837,0.142142706,0.316686624,9116.114583,0,0,0,133.1041667,143.34375,276.4479167,0,194.34375,194.34375,9781.25,9477.125,0,0,0,7.125,148.8125,155.9375,0,195.9375,195.9375,675.375,10700.3125
29,29,Tetepango,Mexico,,1802,,1802,1802-08-29,,1807,,1807,1807-05-25,,23,23,1964,3558,111,56,5522,167,5689,4651.5,21612,455,0.021053119,21157,0.978946881,4.646243147,4.548425239,2315,3526,156,78,5841,234,6075,4839.5,26135,21157,4978,1766,3212,1801,455,0.809527454,0.190472546,0.067572221,0.122900325,0.068911421,0.017409604,9217.729167,48.83333333,0,48.83333333,150.59375,253.21875,403.8125,0,283.75,283.75,10237.875,9623.03125,48.83333333,0,48.83333333,155.2916667,261.5625,416.8541667,0,292.71875,292.71875,1085.8125,11759.96875
30,30,Texcoco,Mexico,,1802,,1802,1802-12-29,,1807,,1807,1807-12-13,,25,25,2966,6063,33,7,9029,40,9069,7569.5,32760,141,0.004304029,32619,0.995695971,4.327894841,4.309267455,3269,5904,30,14,9173,44,9217,7567.5,38411,32619,5792,3459,2333,1282,141,0.849209862,0.150790138,0.090052329,0.060737809,0.033375856,0.003670823,14654.02083,0,0,0,383.1979167,424.65625,807.8541667,168.75,471.625,471.625,16573.875,14655.1875,0,0,0,380.25,423.96875,804.21875,168.75,471.15625,471.15625,1717.6875,18288.15625
31,31,Tixtla,Mexico,,1797,,1797,1797-04-05,,1807,,1807,1807-08-12,,8,18,1101,4038,53,54,5139,107,5246,4669,21262,488,0.022951745,20774,0.977048255,4.553865924,4.449346755,1218,4007,96,73,5225,169,5394,4737,25909,20774,5135,1471,3664,1137,488,0.801806322,0.198193678,0.056775638,0.14141804,0.043884365,0.018835154,9327.270833,0,0,0,93.29166667,257.71875,351.0104167,0,286.78125,286.78125,10251.84375,9492.677083,0,0,0,94.29166667,259.53125,353.8229167,0,288.5,288.5,977.625,11401.125
32,32,Tlaxcala,Tlaxcala,,1801,,1801,1801-02-19,,1807,,1807,1807-02-26,,22,25,2491,9397,45,54,11888,99,11987,10719,40968,266,0.006492872,40702,0.993507128,3.821998321,3.797182573,3105,8109,72,115,11214,187,11401,9812.5,56741,40702,16039,8074,7965,0,266,0.717329621,0.282670379,0.142295694,0.140374685,0,0.004687968,14040.15625,0,0,0,0,908.5625,908.5625,0,661.1875,661.1875,16271.09375,13794.15625,0,0,0,0,911.3125,911.3125,0,603.84375,603.84375,2102.625,18015.78125
33,33,Toluca,Mexico,,1800,,1800,1800-11-16,,1805,,1805,1805-10-14,,21,21,825,4186,17,5,5011,22,5033,4612,16298,72,0.00441772,16226,0.99558228,3.533824805,3.518213356,1221,4994,22,6,6215,28,6243,5621.5,23315,16226,7089,3994,3095,2091,72,0.695946815,0.304053185,0.171306026,0.132747158,0.089684752,0.003088141,2337.25,0,8342.28125,8342.28125,0,517.125,517.125,625,287.40625,287.40625,12396.46875,2850.25,0,10928.96875,10928.96875,0,630.40625,630.40625,0,350.28125,350.28125,1164.1875,16274.375
34,34,Tula,Mexico,,1801,,1801,1801-05-11,,1805,,1805,1805-03-03,,9,9,846,1711,36,10,2557,46,2603,2162,10912,169,0.015487537,10743,0.984512463,5.047178538,4.969010176,1309,1766,50,31,3075,81,3156,2476.5,15009,10743,4266,2003,2263,1057,169,0.715770538,0.284229462,0.133453261,0.150776201,0.070424412,0.011259911,4081.1875,0,153.125,153.125,61,106.5,167.5,0,133.375,133.375,4668.5625,4685.427083,0,171.875,171.875,69.44791667,120.15625,189.6041667,0,151.28125,151.28125,575.25,5924.71875
35,35,Tulancingo,Mexico,,1804,,1804,1804-02-18,,1809,,1809,1809-06-22,,57,47,2183,5615,66,68,7798,134,7932,6807.5,31148,487,0.015635033,30661,0.984364967,4.575541682,4.504002938,2100,5823,93,71,7923,164,8087,6990.5,47402,30661,16741,7263,9478,5179,487,0.646829248,0.353170752,0.153221383,0.199949369,0.109256993,0.010273828,15743.23958,153.125,0,153.125,11.44791667,242.4375,253.8854167,0,414.75,414.75,16979.75,16162.84375,153.125,0,153.125,11.34375,247.25,258.59375,0,423.5,423.5,1463.25,18884.8125
36,36,Xilotepec,Mexico,,1799,,1799,1799-08-12,,1805,,1805,1805-09-20,,8,8,5022,13340,134,189,18362,323,18685,16107,65808,1101,0.016730489,64707,0.983269511,4.085677035,4.017321661,6263,13806,206,181,20069,387,20456,17221.5,90866,64707,26334,14464,11870,5801,1101,0.712114542,0.289811371,0.159177456,0.13063192,0.063841261,0.012116743,30344.875,0,0,0,657.5416667,728.0208333,1385.5625,0,990.6875,990.6875,33711.8125,32009.29167,0,0,0,1085.395833,769.5,1854.895833,0,1058.59375,1058.59375,3758.8125,39740.1875
37,37,Xochimilco,Mexico,,1801,,1801,1801-06-03,,1806,,1806,1806-09-04,,7,7,1085,3739,33,7,4824,40,4864,4305,18694,114,0.006098213,18580,0.993901787,4.342392567,4.315911731,1428,3636,37,13,5064,50,5114,4381.5,20812,18580,2232,1329,903,317,114,0.89275418,0.10724582,0.06385739,0.04338843,0.015231597,0.005477609,8227.4375,0,0,0,427.84375,240.625,668.46875,0,267.40625,267.40625,9430.71875,8380.34375,0,0,0,435,244.5625,679.5625,0,271.875,271.875,948.5625,10552.21875
38,38,Yahualica,Mexico,,1803,,1803,1803-06-03,,1808,,1808,1808-11-15,,7,7,657,3023,13,27,3680,40,3720,3385,13275,150,0.011299435,13125,0.988700565,3.921713442,3.877400295,774,3030,26,24,3804,50,3854,3454,14086,13125,963,183,780,456,150,0.931776232,0.068365753,0.012987988,0.05537413,0.032372569,0.010648871,6625.625,67.1875,0,67.1875,87.875,15.71875,103.59375,0,209.46875,209.46875,7215.34375,6753.510417,67.1875,0,67.1875,81.89583333,17.21875,99.11458333,0,213.5625,213.5625,712.5,8059.4375
39,39,Ixmiquilpan,Mexico,,1804,,1804,1804-12-02,,1804,,1804,1804-12-20,,14,14,1767,3431,12,1,5198,13,5211,4321.5,22534,39,0.001730718,22495,0.998269282,5.214393151,5.205368506,1767,3431,12,1,5198,13,5211,4321.5,26471,22495,3976,1466,2510,1941,39,0.849797892,0.150202108,0.055381361,0.094820747,0.073325526,0.00147331,7517,0,0,0,269.65625,323.53125,593.1875,0,269.65625,269.65625,8649.5,7517,0,0,0,269.65625,323.53125,593.1875,0,269.65625,269.65625,973.3125,9622.8125
40,40,Ixtlahuaca,Mexico,,1804,,1804,1804-08-08,,1809,,1809,1809-09-30,,61,65,3886,9838,92,31,13724,123,13847,11858,51161,502,0.009812162,50659,0.990187838,4.314471243,4.272136954,3862,9555,91,35,13417,126,13543,11566.5,62323,50659,11701,4551,7150,3810,502,0.81284598,0.187747701,0.07302227,0.114724901,0.061133129,0.008054811,21325.27083,166.2083333,100,266.2083333,836.3333333,658.875,1495.208333,0,736.3125,736.3125,24559.3125,20871.88542,166.2083333,100,266.2083333,806.6875,642.09375,1448.78125,0,717.875,717.875,2511.5625,26534.1875
41,41,Zacatula,Mexico,,1803,,1803,1803-02-27,,1808,,1808,1808-08-09,,3,3,329,515,363,390,844,753,1597,1251,6033,2832,0.4694182,3201,0.5305818,4.822541966,2.558752998,414,504,547,535,918,1082,2000,1519.5,9603,3201,6402,2401,4001,2134,2832,0.333333333,0.666666667,0.250026034,0.416640633,0.222222222,0.294907841,2740.6875,0,0,0,0,20.6875,20.6875,0,24.5625,24.5625,2810.5,3424.65625,0,0,0,0,20.6875,20.6875,0,24.3125,24.3125,87.1875,3581.15625
42,42,Zacualpan y Escateopan,Mexico,,1804,1803,1803.5,1804-10-19,1803-03-30,1806,,1806,1806-12-17,,21,40,1896,6169,227,361,8065,588,8653,7591.5,32282,2577,0.079827768,29705,0.920172232,4.252387539,3.912928934,2318,6480,201,335,8798,536,9334,8074.5,39917,29705,10503,3224,7279,2260,2577,0.744169151,0.263120976,0.080777789,0.182353383,0.056617481,0.06455896,15064.77083,157.8125,0,157.8125,235.2916667,335.96875,571.2604167,0,444.8125,444.8125,16683.46875,16004.38542,157.8125,0,157.8125,239.28125,358.3125,597.59375,0,477.4375,477.4375,1649.25,19363.91667
43,43,Zempoala,Mexico,,1795,,1795,1795-07-17,,1810,,1810,1810-08-19,,8,8,413,690,6,5,1103,11,1114,904.5,4590,41,0.008932462,4549,0.991067538,5.074626866,5.029297955,566,807,14,5,1373,19,1392,1102,6250,4549,1701,315,1386,481,41,0.72784,0.27216,0.0504,0.22176,0.07696,0.00656,1692.302083,113.28125,0,113.28125,14.79166667,50.15625,64.94791667,0,56.03125,56.03125,1982.59375,2085.53125,113.28125,0,113.28125,21.5,61.3125,82.8125,0,68.125,68.125,257.0625,2674.9375
44,44,Zimapan,Mexico,,1800,,1800,1800-06-13,,1806,,1806,1806-02-06,,5,5,839,1773,42,118,2612,160,2772,2331.5,10611,536,0.050513618,10075,0.949486382,4.55114733,4.321252413,1016,1944,37,62,2960,99,3059,2532.5,17155,10075,7176,3073,4103,3067,536,0.587292335,0.418303702,0.179160109,0.239172253,0.178781696,0.031244535,3646.75,0,0,0,0,0,0,0,127.28125,127.28125,3901.3125,3888.5,0,0,0,0,0,0,0,144.96875,144.96875,525.5625,4704
45,45,Zumpango,Mexico,,1801,,1801,1801-04-13,,1806,,1806,1806-11-29,,5,5,479,1123,42,51,1602,93,1695,1434.5,6847,307,0.044837155,6540,0.955162845,4.77309167,4.559079819,552,1002,97,92,1554,189,1743,1418.5,8639,6540,2099,500,1599,1292,307,0.757032064,0.242967936,0.057877069,0.185090867,0.149554347,0.03553652,2697.458333,121.875,0,121.875,82.79166667,69.28125,152.0729167,0,81.90625,81.90625,3135.21875,2718.020833,121.875,0,121.875,80.44791667,64.875,145.3229167,0,76.96875,76.96875,276.75,3415.90625
46,46,Acatlan,Puebla,,1803,,1803,1803-05-11,,1803,,1803,1803-05-11,,10,10,968,3118,176,105,4086,281,4367,3795,17581,1151,0.065468403,16430,0.934531597,4.632674572,4.329380764,968,3118,176,105,4086,281,4367,3795,29289,16430,13050,4868,8182,0,1151,0.560961453,0.445559766,0.166190852,0.279354024,0,0.03929803,7524.322917,0,0,0,228.75,202.5520833,431.3020833,0,225.125,225.125,8405.875,7524.322917,0,0,0,228.75,202.5520833,431.3020833,0,225.125,225.125,758.8125,9164.6875
47,47,Amozoc,Puebla,,1801,,1801,1801-09-09,,1806,,1806,1806-05-06,,4,5,387,1132,22,38,1519,60,1579,1374.5,6759,218,0.032253292,6541,0.967746708,4.917424518,4.75882139,486,1197,18,34,1683,52,1735,1483,11142,6541,4689,4471,218,0,218,0.587057979,0.420840065,0.401248328,0.019565608,0,0.019565608,2654.75,0,0,0,132.5416667,74.55208333,207.09375,0,82.84375,82.84375,3027.53125,2857.104167,0,0,0,144,80.89583333,224.8958333,0,90,90,315.5625,3577.5625
48,48,Atlixco,Puebla,,1803,,1803,1803-04-20,,1803,,1803,1803-04-20,,13,13,1509,5398,76,94,6907,170,7077,6284.5,26453,524,0.019808717,25929,0.980191283,4.209244968,4.125865224,1509,5398,76,94,6907,170,7077,6284.5,32023,25929,6127,1992,4135,0,524,0.809699279,0.191331231,0.062209384,0.129125941,0,0.016363239,12397.27083,306.25,0,306.25,0,335.0104167,335.0104167,0,384.53125,384.53125,13807.59375,12388.27083,306.25,0,306.25,9,335.0104167,344.0104167,0,384.53125,384.53125,1293.375,15100.96875
49,49,Chiautla,Puebla,,1800,,1800,1800-08-08,,1805,,1805,1805-01-04,,8,14,750,2163,211,89,2913,300,3213,2732.5,12689,1021,0.080463393,11668,0.919536607,4.643732845,4.270082342,923,2265,221,92,3188,313,3501,2929,15419,11668,3770,299,3471,0,1021,0.756728711,0.244503535,0.019422612,0.225111875,0,0.066217005,4899.5625,0,0,0,195.90625,25.1875,221.09375,0,158.625,158.625,5437.90625,5184.760417,0,0,0,273.8125,27.58333333,301.3958333,0,170.40625,170.40625,587.625,6414.59375
50,50,Chietla,Puebla,,1800,,1800,1800-04-22,,1806,,1806,1806-01-06,,4,4,172,380,165,133,552,298,850,681.5,2500,743,0.2972,1757,0.7028,3.668378577,2.578136464,137,339,123,107,476,230,706,576,4290,1757,2594,356,2238,0,743,0.40955711,0.604662005,0.082949309,0.521678322,0,0.173193473,1446,0,0,0,41.09375,23.09375,64.1875,0,25.6875,25.6875,1561.5625,1233.90625,0,0,0,18.69791667,21.02083333,39.71875,0,23.375,23.375,80.25,1400.625
51,51,Cholula,Puebla,,1800,,1800,1800-09-13,,1805,,1805,1805-05-06,,8,6,1502,4145,24,9,5647,33,5680,4917,25249,80,0.003168442,25169,0.996831558,5.135041692,5.118771609,1647,3795,16,6,5442,22,5464,4632.5,29134,25169,3975,3895,80,0,80,0.863904716,0.136438525,0.133702002,0.002745933,0,0.002745933,9385.666667,0,0,0,488.1458333,274.53125,762.6770833,0,305.09375,305.09375,10758.53125,8838.78125,0,0,0,460.7916667,259.1770833,719.96875,0,288,288,1017.375,11152.125
52,52,Huauchinango,Puebla,,1799,,1799,1799-08-05,,1805,,1805,1805-04-20,,25,25,1403,6962,35,35,8365,70,8435,7716,28891,220,0.007614828,28671,0.992385172,3.744297564,3.715785381,1591,6748,26,26,8339,52,8391,7582.5,40507,28671,11840,754,11086,0,220,0.70780359,0.292295159,0.018605699,0.273681092,0,0.00543116,13484.84375,2100.75,0,2100.75,59.3125,196.15625,255.46875,0,478.96875,478.96875,16799,13202.45833,2100.75,0,2100.75,59.5,193.0729167,252.5729167,0,471.46875,471.46875,1563.1875,18061.90625
53,53,Huayacocotla,Puebla,,1800,,1800,1800-08-10,,1806,,1806,1806-03-08,,8,8,1290,3644,49,75,4934,124,5058,4388.5,19697,467,0.023709194,19230,0.976290806,4.48832175,4.381907258,1279,3666,56,83,4945,139,5084,4416.5,20569,19230,1347,348,999,0,467,0.934902037,0.065486898,0.016908896,0.048568234,0,0.022704069,8865.875,0,0,0,0,241.1875,241.1875,0,268.0625,268.0625,9643.1875,8929.427083,0,0,0,0,242.1666667,242.1666667,0,269.09375,269.09375,927,10636.78125
54,54,Huejotzingo,Puebla,,1799,,1799,1799-12-30,,1805,,1805,1805-03-02,,4,4,1343,3458,27,16,4801,43,4844,4159,14391,73,0.005072615,14318,0.994927385,3.46020678,3.442654484,1189,3187,24,9,4376,33,4409,3802.5,20040,14318,5729,1947,3782,0,73,0.714471058,0.285878244,0.097133758,0.188722555,0,0.003642715,7912.96875,0,0,0,403.25,226.8125,630.0625,0,252.03125,252.03125,9047.09375,7250.145833,0,0,0,374,210.3541667,584.3541667,0,233.75,233.75,811.6875,9113.6875
55,55,Llanos,Puebla,,1799,,1799,1799-03-12,,1806,,1806,1806-06-30,,18,22,2486,7070,16,2,9556,18,9574,8323,36998,40,0.00108114,36958,0.99891886,4.445272137,4.440466178,2257,7601,13,0,9858,13,9871,8736,46026,36958,9070,3168,5902,0,40,0.802980924,0.19706253,0.068832284,0.128231869,0,0.000869074,15928.53125,666.40625,0,666.40625,136.5,443.625,580.125,0,519.5625,519.5625,18214.1875,16719.90625,666.40625,0,666.40625,170.84375,466.90625,637.75,0,545.59375,545.59375,1848,20963.25
56,56,Puebla,Puebla,,1801,,1801,1801-09-09,,1806,,1806,1806-11-15,,1,16,1485,2243,306,83,3728,389,4117,3221.5,13087,683,0.052189195,12404,0.947810805,4.062393295,3.850380258,1805,2177,183,73,3982,256,4238,3244,56847,12404,44443,28424,16019,,683,0.2182,0.781800271,0.5,0.281800271,,0.012014706,5891.125,0,0,0,0,0,0,0,186.59375,186.59375,6264.3125,5846.125,0,0,0,0,0,0,0,192.46875,192.46875,745.125,6976.1875
57,57,Tecali,Puebla,,1803,,1803,1803-02-23,,1806,,1806,1806-10-01,,3,8,806,1733,4,0,2539,4,2543,2138,12024,4,0.000332668,12020,0.999667332,5.623947615,5.622076707,914,1940,5,0,2854,5,2859,2399.5,13068,12020,1048,604,444,0,4,0.919804102,0.080195898,0.046218487,0.033976125,0,0.000306091,2731.645833,1617.96875,0,1617.96875,0,61.88541667,61.88541667,0,133.5,133.5,4678.5,3256.78125,1617.96875,0,1617.96875,0,76.5625,76.5625,0,149.8125,149.8125,534.5625,5785.5
58,58,Tehuacan,Puebla,,1804,,1804,1804-06-10,,1804,,1804,1804-03-24,,25,25,1897,7203,107,171,9100,278,9378,8376,40378,1117,0.027663579,39261,0.972336421,4.820678128,4.687320917,1897,7203,107,171,9100,278,9378,8376,46145,39261,6920,1486,5434,0,1117,0.850818073,0.149962076,0.032200744,0.117759237,0,0.024206306,16843.58333,0,0,0,0,447.4791667,447.4791667,0,497.3125,497.3125,18285.6875,16843.58333,0,0,0,0,447.4791667,447.4791667,0,497.3125,497.3125,1665.9375,19951.625
59,59,Tepeaca,Puebla,,1800,,1800,1800-04-30,,1805,,1805,1805-08-10,,25,24,3405,9729,54,40,13134,94,13228,11498.5,50446,424,0.008405027,50022,0.991594973,4.387180937,4.350306562,3566,8816,43,28,12382,71,12453,10648.5,73054,50022,23092,10286,12806,0,424,0.684726367,0.316094943,0.140794769,0.175294987,0,0.005803926,22340.57292,791.1458333,0,791.1458333,0,626.53125,626.53125,0,714.46875,714.46875,25187.1875,20624.03125,791.1458333,0,791.1458333,0,579.7604167,579.7604167,0,662.4375,662.4375,2321.625,25641.4375
60,60,Tepexi de la Seda,Puebla,,1804,,1804,1804-02-06,,1804,,1804,1804-02-07,,14,14,1491,4401,103,33,5892,136,6028,5231,27285,606,0.022210005,26679,0.977789995,5.216019881,5.100172051,1491,4401,103,33,5892,136,6028,5231,29565,26679,2904,857,2047,0,606,0.902384576,0.098224252,0.028985507,0.069237274,0,0.02049721,8312.875,0,0,0,216.1979167,41.05208333,257.25,0,321.65625,321.65625,9213.4375,8312.875,0,0,0,216.1979167,41.05208333,257.25,0,321.65625,321.65625,1099.6875,10313.125
61,61,Tetela de Xonotla,Puebla,,1804,,1804,1804-06-09,,1804,,1804,1804-07-09,,7,7,560,1597,0,0,2157,0,2157,1877,9596,0,0,9596,1,5.112413426,5.112413426,560,1597,0,0,2157,0,2157,1877,12286,9596,2690,2110,580,0,0,0.781051603,0.218948397,0.171731222,0.047208204,0,0,3090.15625,0,0,0,177.84375,61.21875,239.0625,0,117.3125,117.3125,3563.84375,3090.15625,0,0,0,177.84375,61.21875,239.0625,0,117.3125,117.3125,404.4375,3968.28125
62,62,Teuxitlan,Puebla,,1800,,1800,1800-10-15,,1806,,1806,1806-06-10,,5,5,488,1734,0,0,2222,0,2222,1978,8449,0,0,8449,1,4.27148635,4.27148635,653,1713,0,0,2366,0,2366,2039.5,12400,8449,3950,1907,2043,0,0,0.681370968,0.318548387,0.153822938,0.164758065,0,0,3770.614583,0,0,0,197.7916667,111.21875,309.0104167,0,123.625,123.625,4326.875,3887.822917,0,0,0,203.9479167,114.6979167,318.6458333,0,127.46875,127.46875,443.625,4905.03125
63,63,Tlapa,Puebla,,1799,,1799,1799-01-02,,1806,,1806,1806-07-30,,44,47,1578,6860,291,312,8438,603,9041,8106.5,38609,2785,0.07213344,35824,0.92786656,4.762721273,4.419169802,1140,7458,257,343,8598,600,9198,8499.5,40752,35824,4928,859,4069,1284,2785,0.87907342,0.12092658,0.02107872,0.09984786,0.031507656,0.068340204,15510.15625,0,0,0,687.75,389.59375,1077.34375,0,475.78125,475.78125,17539.0625,16261.02083,0,0,0,699.09375,408.1354167,1107.229167,0,498.90625,498.90625,1596.5625,19962.625
64,64,Tochimilco,Puebla,,1801,,1801,1801-12-04,,1806,,1806,1806-09-05,,5,5,258,1086,77,10,1344,87,1431,1263.5,6340,273,0.043059937,6067,0.956940063,5.017807677,4.801741195,267,1117,77,12,1384,89,1473,1301,7651,6067,1602,498,1104,0,273,0.792968239,0.209384394,0.065059861,0.144294863,0,0.03568161,2578.15625,0,0,0,0,68.28125,68.28125,0,75.9375,75.9375,2798.3125,2529.28125,0,0,0,125.0416667,70.33333333,195.375,0,78.15625,78.15625,254.8125,3135.78125
65,65,Totomihuacan,Puebla,,1801,,1801,1801-11-28,,1806,,1806,1806-05-23,,1,1,188,667,8,3,855,11,866,768,3810,27,0.007086614,3783,0.992913386,4.9609375,4.92578125,195,503,6,1,698,7,705,604.5,4123,3783,342,315,27,0,27,0.917535775,0.082949309,0.076406815,0.00654863,0,0.00654863,1209.614583,349.21875,0,349.21875,0,30.22916667,30.22916667,0,47.5625,47.5625,1684.1875,879.6145833,349.21875,0,349.21875,0,21.19791667,21.19791667,0,37.53125,37.53125,130.875,1455.96875
66,66,Igualapa,Puebla,,1801,,1801,1801-09-10,,1801,,1801,1801-09-10,,9,9,437,1856,5,0,2293,5,2298,2077,8915,12,0.001346046,8903,0.998653954,4.292248435,4.286470871,437,1856,5,0,2293,5,2298,2077,12427,8903,3525,1207,2318,0,12,0.716423916,0.283656554,0.097133758,0.186529331,0,0.000965639,3983.479167,192.96875,0,192.96875,0,109.7083333,109.7083333,0,129.65625,129.65625,4545.46875,3983.479167,192.96875,0,192.96875,0,109.7083333,109.7083333,0,129.65625,129.65625,429,4974.46875
67,67,Izucar,Puebla,,1800,,1800,1800-11-20,,1806,,1806,1806-02-14,,26,28,847,3974,209,363,4821,572,5393,4865,19955,1864,0.093410173,18091,0.906589827,4.101747174,3.718602261,896,3754,228,316,4650,544,5194,4632,27002,18091,8971,868,8103,0,1864,0.669987408,0.332234649,0.03212817,0.300088882,0,0.069031924,9577.052083,89.0625,0,89.0625,196.4479167,223.53125,419.9791667,0,266.71875,266.71875,10619.53125,9028.78125,89.0625,0,89.0625,165.34375,201.5625,366.90625,0,252.03125,252.03125,834.5625,10823.375
68,68,Zacatlan,Puebla,,1803,,1803,1803-06-20,,1808,,1808,1808-12-31,,32,32,1208,7624,1,1,8832,2,8834,8229.5,39495,3,7.5959E-05,39492,0.999924041,4.799198007,4.798833465,1840,7514,0,0,9354,0,9354,8434,46361,39492,6869,4122,2747,0,3,0.851836673,0.148163327,0.088912913,0.059252389,0,6.47096E-05,14972.25,0,0,0,298.7916667,271.0833333,569.875,0,514.25,514.25,16570.625,15414.59375,0,0,0,196.9479167,272.4270833,469.375,0,527.125,527.125,1753.875,18692.09375
69,69,Acayucan,Veracruz,,1800,,1800,1800-12-16,,1806,,1806,1806-05-20,,18,18,153,3023,10,0,3176,10,3186,3104.5,14398,10,0.000694541,14388,0.999305459,4.637783862,4.634562732,263,3150,23,0,3413,23,3436,3293,19989,14388,5602,600,5002,1675,10,0.719795888,0.28025414,0.03,0.250237631,0.083796088,0.000500275,7318.4375,0,0,0,0,639.03125,639.03125,0,193.71875,193.71875,8344.90625,7766.614583,0,0,0,0,676.7291667,676.7291667,0,205.09375,205.09375,638.8125,9492.34375
70,198,Antigua Veracruz,Veracruz,,1796,,1796,1796-11-15,,,,,,,8,,73,298,0,0,371,0,371,334.5,1800,0,0,1800,1,5.381165919,5.381165919,,,,,,,,,2313,1800,513,116,397,85,0,0.778210117,0.221789883,0.05,0.171638565,0.036748811,0,651.5625,0,0,0,0,11.4375,11.4375,0,20.90625,20.90625,704.8125,,,,,,,,,,,,
71,71,Cordova,Veracruz,,1796,,1796,1796-04-05,,1805,,1805,1805-05-15,,9,9,311,859,0,0,1170,0,1170,1014.5,4412,0,0,4412,1,4.348940365,4.348940365,256,713,0,0,969,0,969,841,5986,4412,1573,263,1310,23,0,0.737053124,0.26277982,0.044,0.218843969,0.003842299,0,1897.25,0,0,0,0,54.1875,54.1875,0,57.9375,57.9375,2067.3125,1605.3125,0,0,0,0,45.78125,45.78125,0,49.5,49.5,171.5625,1921.65625
72,70,Cosamaluapan,Veracruz,,1800,,1800,1800-12-23,,1805,,1805,1805-11-27,,11,11,485,2111,199,119,2596,318,2914,2572,11846,528,0.044572007,11318,0.955427993,4.605754277,4.400466563,543,2375,196,168,2918,364,3282,2912.5,17940,11318,6665,1453,5212,2055,528,0.630880713,0.371516165,0.080985349,0.290523969,0.114548495,0.029431438,4832.25,430.46875,0,430.46875,61.34375,116.03125,177.375,0,146.09375,146.09375,5732.28125,5529.0625,430.46875,0,430.46875,69.21875,132.125,201.34375,0,164.125,164.125,541.125,7030.25
73,72,Mizantla,Veracruz,,1796,,1796,1796-04-16,,1807,,1807,1807-01-23,,3,3,152,491,26,10,643,36,679,590,3244,485,0.149506782,2759,0.850493218,5.498305085,4.676271186,348,458,36,15,806,51,857,665,4113,2759,1373,165,1208,288,485,0.670799903,0.333819596,0.04,0.293702893,0.070021882,0.117918794,1201.65625,0,0,0,0,31.78125,31.78125,0,35.4375,35.4375,1304.3125,1359.46875,0,0,0,0,35.53125,35.53125,0,39.5,39.5,150.9375,1624.9375
74,73,Orizava,Veracruz,,1802,,1802,1802-09-03,,1807,,1807,1807-08-21,,28,30,2135,6464,311,461,8599,772,9371,8148,36089,2475,0.068580454,33614,0.931419546,4.429185076,4.125429553,1870,6437,359,459,8307,818,9125,8010.5,69113,33614,35606,2968,32638,25364,2475,0.486362913,0.515185276,0.042942584,0.472241112,0.366993185,0.035810918,16099.42708,0,0,0,393.2916667,397.3125,790.6041667,0,441.53125,441.53125,17773.09375,16033.33333,0,0,0,325.9479167,401.53125,727.4791667,0,446.3125,446.3125,1506.9375,19160.375
75,74,Papantla,Veracruz,,1795,,1795,1795-12-03,,1804,,1804,1804-08-25,,10,10,443,2047,0,0,2490,0,2490,2268.5,10804,0,0,10804,1,4.76261847,4.76261847,663,1961,0,0,2624,0,2624,2292.5,12305,10804,1501,61,1440,1440,0,0.878017066,0.121982934,0.004994512,0.117025599,0.117025599,0,3931.40625,505.375,0,505.375,15.71875,0,15.71875,0,141.78125,141.78125,4736.0625,3981.895833,505.375,0,505.375,14.16666667,0,14.16666667,0,143.28125,143.28125,492,5280
76,75,Tampico,Veracruz,,1802,,1802,1802-02-17,,1808,,1808,1808-11-16,,12,16,626,3253,4,0,3879,4,3883,3568,10232,4,0.00039093,10228,0.99960907,2.867713004,2.866591928,691,3360,8,0,4051,8,4059,3709.5,19299,10228,9071,500,8571,8567,4,0.529975646,0.470024354,0.025909091,0.444116275,0.443909011,0.000207265,6332.25,0,0,0,0,0,0,438.1875,169.75,169.75,7109.9375,7016.5625,0,0,0,0,0,0,438.1875,173.09375,173.09375,559.3125,8360.25
77,76,Tustla,Veracruz,,1793,,1793,1793-07-04,,1804,,1804,1804-08-11,,4,4,476,2230,0,0,2706,0,2706,2468,10213,0,0,10213,1,4.138168558,4.138168558,429,2053,1,0,2482,1,2483,2268,13617,10213,3404,409,2995,1948,0,0.750018359,0.249981641,0.03,0.219945656,0.143056474,0,1234,0,3299.90625,3299.90625,0,138.65625,138.65625,417.6875,154.25,154.25,5398.75,1135.25,0,3415.46875,3415.46875,0,127.5,127.5,0,141.71875,141.71875,465.375,5427.03125
78,77,Veracruz,Veracruz,,1799,,1799,1799-03-12,,1807,,1807,1807-06-22,,3,11,338,376,22,1,714,23,737,557,2079,40,0.019240019,2039,0.980759981,3.732495512,3.660682226,631,643,208,104,1274,312,1586,1166.5,9658,2039,7634,3602,4032,1991,40,0.211120315,0.790432802,0.372989069,0.417477739,0.206150342,0.004141644,634.7083333,0,0,0,24.94791667,12.4375,37.38541667,0,31.1875,31.1875,734.46875,2288.1875,0,0,0,27.125,30.28125,57.40625,0,59.90625,59.90625,236.625,2702.03125
79,78,Xalapa,Veracruz,,1802,,1802,1802-07-29,,1807,,1807,1807-07-06,,27,27,1249,3884,275,296,5133,571,5704,4942,24982,2215,0.088663838,22767,0.911336162,5.055038446,4.606839336,1344,4041,342,391,5385,733,6118,5275,38352,22767,15917,5752,10165,5240,2215,0.593632666,0.415023988,0.149991879,0.265044848,0.13662912,0.057754485,9758.0625,0,0,0,0,205.1875,205.1875,0,281.78125,281.78125,10526.8125,10516.96875,0,0,0,0,217.375,217.375,0,294.5625,294.5625,1006.3125,12329.78125
80,79,Xalatcingo,Veracruz,,1804,,1804,1804-04-01,,1809,,1809,1809-07-29,,7,7,745,1980,18,11,2725,29,2754,2372.5,10939,92,0.008410275,10847,0.991589725,4.610748156,4.571970495,763,2132,20,10,2895,30,2925,2533.5,15588,10847,4750,1559,3191,2960,92,0.695855787,0.304721581,0.1,0.20470875,0.189889659,0.005901976,4388.385417,464.2708333,0,464.2708333,0,95.15625,95.15625,0,147.03125,147.03125,5241.875,4715.510417,464.2708333,0,464.2708333,0,102.5,102.5,0,157.09375,157.09375,542.8125,6139.28125
81,80,Chichicapa,Oaxaca,,1800,,1800,1800-03-03,,1807,,1807,1807-08-08,,15,12,1307,3726,96,35,5033,131,5164,4462.5,20977,451,0.021499738,20526,0.978500262,4.700728291,4.599663866,1465,3710,97,38,5175,135,5310,4529,22738,20526,2224,582,1642,0,451,0.902717917,0.097809834,0.025601069,0.072213915,0,0.019834638,8605.864583,0,0,0,204.9479167,246.28125,451.2291667,56.25,273.71875,273.71875,9660.78125,8534.072917,0,0,0,391.28125,246.8333333,638.1145833,56.25,274.3125,274.3125,953.0625,10730.125
82,81,Chontales,Oaxaca,,1794,,1794,1794-03-09,,1809,,1809,1809-10-30,,27,27,384,1430,6,0,1814,6,1820,1625,8026,16,0.001993521,8010,0.998006479,4.939076923,4.929230769,505,1353,0,0,1858,0,1858,1605.5,8144,8010,134,20,114,0,16,0.983546169,0.016453831,0.002435724,0.013998035,0,0.001964637,2791.65625,0,0,0,0,69.375,69.375,0,101.375,101.375,3063.78125,2742.083333,0,0,0,0,68.13541667,68.13541667,0,100.34375,100.34375,348.375,3359.28125
83,83,Huajuapa y Tonala,Oaxaca,,1795,1797,1796,1795-08-28,1797-07-15,1805,,1805,1805-02-08,,49,59,1983,5317,315,210,7300,525,7825,6676,28951,2000,0.069082242,26951,0.930917758,4.33657879,4.036998203,2146,5957,241,443,8103,684,8787,7593.5,34472,26951,7552,541,7011,0,2000,0.781822929,0.219076352,0.015705785,0.203382455,0,0.058018102,12901.5625,0,0,0,227.4166667,245.8645833,473.28125,0,361.03125,361.03125,14096.90625,14762.13542,0,0,0,180.78125,275.2083333,455.9895833,0,397.125,397.125,1363.3125,17375.6875
84,82,Huatulco,Oaxaca,,1786,,1786,1786-03-06,,1807,,1807,1807-11-25,,6,7,195,562,61,22,757,83,840,712,3255,179,0.05499232,3076,0.94500768,4.571629213,4.320224719,286,496,62,20,782,82,864,690,3803,3076,737,202,535,0,179,0.80883513,0.193794373,0.053016453,0.140678412,0,0.047068104,1037.739583,0,0,0,36.51041667,0,36.51041667,0,41.21875,41.21875,1156.6875,1006.34375,0,0,0,23.40625,0,23.40625,0,39.9375,39.9375,144,1253.625
85,84,Huejolotitlan,Oaxaca,,1792,,1792,1792-10-24,,1807,,1807,1807-09-28,,2,2,289,1078,0,0,1367,0,1367,1222.5,5661,0,0,5661,1,4.630674847,4.630674847,403,1152,6,3,1555,9,1564,1359.5,5983,5661,322,190,132,0,0,0.946180846,0.053819154,0.031714746,0.02206251,0,0,2330.4375,0,0,0,122.25,68.71875,190.96875,0,76.40625,76.40625,2674.21875,2590.739583,0,0,0,133.8958333,75.30208333,209.1979167,0,83.6875,83.6875,288.375,3255.6875
86,85,Miahuatlan,Oaxaca,,1803,,1803,1803-02-08,,1808,,1808,1808-10-08,,19,19,850,2826,39,21,3676,60,3736,3291.5,15683,201,0.012816425,15482,0.987183575,4.764696947,4.703630564,1123,2984,39,15,4107,54,4161,3580,16987,15482,1509,334,1175,0,201,0.911402837,0.088832637,0.019640958,0.069170542,0,0.011832578,6489.052083,0,0,0,73.83333333,152.6145833,226.4479167,0,203.1875,203.1875,7121.875,7050.385417,0,0,0,83.15625,166.8333333,249.9895833,0,221.59375,221.59375,769.125,8512.6875
87,86,Nexapa,Oaxaca,,1794,,1794,1794-11-09,,1809,,1809,1809-03-21,,20,20,812,2352,158,60,3164,218,3382,2897,14643,842,0.057501878,13801,0.942498122,5.054539178,4.763893683,1002,2529,169,53,3531,222,3753,3167.5,15888,13801,2100,240,1860,0,842,0.868643001,0.132175227,0.015092191,0.117069486,0,0.052995972,6070.177083,0,0,0,1.697916667,154.3125,156.0104167,0,172.375,172.375,6570.9375,6616.260417,0,0,0,5.395833333,170.34375,175.7395833,0,189.375,189.375,654.9375,7825.6875
88,87,Nochistlan e Yxcuintepec,Oaxaca,,1793,1792,1792.5,1793-03-13,1792-07-21,1805,,1805,1805-06-27,,22,20,344,1514,9,2,1858,11,1869,1692.5,8241,24,0.002912268,8217,0.997087732,4.869128508,4.854948301,526,1773,1,0,2299,1,2300,2036.5,8724,8217,508,477,31,0,24,0.941884457,0.05823017,0.054667788,0.003553416,0,0.002751032,2950.020833,31.25,0,31.25,82.88541667,43.4375,126.3229167,0,105.25,105.25,3318.09375,3555.947917,31.25,0,31.25,76.38541667,51.26041667,127.6458333,0,127.25,127.25,430.875,4400.21875
89,88,Oaxaca / Antequera,Oaxaca,,1794,,1794,1794-04-28,,1807,,1807,1807-08-16,,20,21,2896,6392,462,120,9288,582,9870,8191,38080,1790,0.047006303,36290,0.952993697,4.649005005,4.43047247,3882,7318,429,114,11200,543,11743,9587.5,51727,36290,13317,10985,2332,0,1790,0.701567847,0.257447755,0.212357421,0.045082839,0,0.034604752,16408.89583,0,0,0,117.3229167,412.875,530.1979167,0,485.3125,485.3125,17909.71875,19138.46875,0,0,0,122.1875,487.53125,609.71875,0,570.5,570.5,2058.1875,22947.375
90,89,Cuatro Villas,Oaxaca,,1793,,1793,1793-10-17,,1809,,1809,1809-08-22,,4,40,1519,3475,17,27,4994,44,5038,4270,16865,166,0.00984287,16699,0.99015713,3.949648712,3.910772834,1757,3366,27,24,5123,51,5174,4282,17330,16699,634,321,313,0,166,0.963589152,0.036583958,0.018500761,0.018061166,0,0.009578765,2210.25,0,4928.375,4928.375,0,238.03125,238.03125,1450,264.65625,264.65625,9355.96875,2222.75,0,6393.5,6393.5,0,238.53125,238.53125,0,265.28125,265.28125,960.5625,10345.90625
91,90,Tehuantepec,Oaxaca,,1797,,1797,1797-03-13,,1807,,1807,1807-02-11,,24,26,1230,3792,353,329,5022,682,5704,4912.5,24769,3840,0.1550325,20929,0.8449675,5.042035623,4.260356234,1727,3399,519,350,5126,869,5995,4872,31934,20929,11398,3271,8127,0,3840,0.655382977,0.356923655,0.10243431,0.254493643,0,0.120248012,9290.927083,111.71875,0,111.71875,390.5416667,195,585.5416667,0,275.4375,275.4375,10539.0625,9409.645833,111.71875,0,111.71875,377.34375,188.4479167,565.7916667,0,266.40625,266.40625,949.875,11569.84375
92,91,Teozacualco,Oaxaca,,1795,,1795,1795-01-31,,1807,,1807,1807-12-30,,18,20,776,2014,33,1,2790,34,2824,2419.5,12573,110,0.008748906,12463,0.991251094,5.196528208,5.151064269,846,2023,37,5,2869,42,2911,2469.5,12719,12463,257,64,193,0,110,0.979872631,0.020205991,0.005026291,0.015174149,0,0.008648479,4300.072917,207.8125,0,207.8125,56.89583333,111.28125,168.1770833,0,149.5625,149.5625,4975.1875,4393.375,207.8125,0,207.8125,66.16666667,106.5208333,172.6875,0,152.71875,152.71875,534.375,5613.6875
93,92,Teposcolula,Oaxaca,,1797,,1797,1797-03-18,,1808,,1808,1808-05-26,,64,65,3786,9730,58,29,13516,87,13603,11681,60021,320,0.005331467,59701,0.994668533,5.13834432,5.110949405,4333,10191,52,27,14524,79,14603,12410.5,67024,59701,7356,6754,602,0,320,0.89074063,0.109751731,0.100767005,0.008981857,0,0.004774409,20787.625,2536.53125,0,2536.53125,0,574.78125,574.78125,243,720.5625,720.5625,25583.0625,22158.58333,2536.53125,0,2536.53125,0,617.3854167,617.3854167,243,769.53125,769.53125,2709.375,29803.9375
94,93,Teutila y Chinantla,Oaxaca,,1785,1798,1791.5,1785-04-18,1798-12-19,1804,,1804,1804-03-14,,24,27,1260,5080,19,8,6340,27,6367,5727.5,25803,89,0.003449211,25714,0.996550789,4.50510694,4.489567874,1078,5514,14,25,6592,39,6631,6085,25877,25714,163,27,136,0,89,0.99370097,0.00629903,0.001046288,0.005255632,0,0.003439348,10106.66667,84.375,0,84.375,160.8333333,230.25,391.0833333,0,356.84375,356.84375,11295.8125,10771.96875,84.375,0,84.375,155.9375,253.28125,409.21875,0,378.3125,378.3125,1234.5,13256.6875
95,94,Teutitlan del Camino,Oaxaca,,1801,,1801,1801-10-23,,1808,,1808,1808-03-15,,19,20,1051,4107,129,98,5158,227,5385,4795,22064,923,0.04183285,21141,0.95816715,4.601459854,4.408967675,1516,4258,111,81,5774,192,5966,5152.5,23042,21141,1922,541,1381,0,923,0.917498481,0.083412898,0.023499638,0.059934034,0,0.040057287,9421.625,0,0,0,0,224,224,0,288.6875,288.6875,10223,10021.70833,0,0,0,98.64583333,245.3333333,343.9791667,0,313.5,313.5,1078.875,12071.5625
96,95,Teutitlan del Valle,Oaxaca,,1797,,1797,1797-11-06,,1807,,1807,1807-05-15,,6,6,861,2330,42,22,3191,64,3255,2803.5,13564,233,0.017177824,13331,0.982822176,4.838237917,4.755127519,889,2244,59,33,3133,92,3225,2751,13856,13331,526,99,427,0,233,0.962110277,0.037961894,0.007162978,0.030816975,0,0.01681582,5565.15625,0,0,0,0,154.875,154.875,87.84375,172.125,172.125,6152.125,5558.25,0,0,0,0,150.46875,150.46875,87.84375,167.21875,167.21875,582.1875,6713.1875
97,96,Villa de Xalapa,Oaxaca,,1797,,1797,1797-02-08,,1807,,1807,1807-02-11,,1,1,34,28,35,21,62,56,118,83.5,341,177,0.519061584,164,0.480938416,4.083832335,1.964071856,11,18,17,21,29,38,67,53,467,164,200,7,193,0,177,0.35117773,0.428265525,0.015384615,0.413276231,0,0.379014989,127.5,0,67.78125,67.78125,0,2.53125,2.53125,0,2.8125,2.8125,203.4375,11.75,0,35.40625,35.40625,0,1.3125,1.3125,0,1.46875,1.46875,5.4375,56.84375
98,97,Villalta,Oaxaca,,1801,,1801,1801-05-23,,1806,,1806,1806-09-22,,60,106,2835,9258,14,1,12093,15,12108,10683.5,53962,57,0.001056299,53905,0.998943701,5.050966444,5.045631113,2274,9497,14,1,11771,15,11786,10642,54109,53905,203,35,168,0,57,0.996229832,0.003751686,0.000652405,0.003104844,0,0.001053429,21936.0625,814.21875,0,814.21875,0,571.15625,571.15625,0,667,667,24655.4375,21838.08333,814.21875,0,814.21875,0,568.3541667,568.3541667,0,664.5625,664.5625,2205.1875,26754.96875
99,98,Xicayan,Oaxaca,,1801,,1801,1801-06-12,,1808,,1808,1808-07-08,,46,46,1185,4679,544,694,5864,1238,7102,6237.5,30895,5312,0.171937207,25583,0.828062793,4.953106212,4.101482966,1631,4229,520,540,5860,1060,6920,5844.5,41052,25583,15985,3982,12003,0,5312,0.623185228,0.389384196,0.096993109,0.292385267,0,0.129396863,8849.677083,1192.072917,2895.208333,4087.28125,29.14583333,156.9583333,186.1041667,0,329.46875,329.46875,13782,7974.739583,1192.072917,2895.208333,4087.28125,31,145.5104167,176.5104167,0,315.28125,315.28125,1095,13964.09375
100,99,Juxtlahuaca,Oaxaca,,1795,,1795,1795-08-29,,1804,,1804,1804-03-26,,11,11,560,1419,7,7,1979,14,1993,1709.5,6380,37,0.005799373,6343,0.994200627,3.732085405,3.71044165,400,1650,1,2,2050,3,2053,1852.5,7554,6343,1216,1115,101,0,37,0.839687583,0.160974318,0.147581139,0.0133704,0,0.004898067,3129.854167,284.7708333,0,284.7708333,0,92.53125,92.53125,0,103.40625,103.40625,3713.96875,3443.614583,284.7708333,0,284.7708333,0,93.73958333,93.73958333,0,115.625,115.625,384.1875,4437.5625
101,100,Ixtepexi,Oaxaca,,1801,,1801,1801-12-01,,1807,,1807,1807-08-18,,9,9,527,883,0,0,1410,0,1410,1146.5,5629,0,0,5629,1,4.909725251,4.909725251,530,846,0,0,1376,0,1376,1111,5803,5629,173,86,87,0,0,0.970015509,0.029812166,0.0148989,0.014992245,0,0,2300.25,0,0,0,0,64.40625,64.40625,0,71.65625,71.65625,2507.96875,2228.979167,0,0,0,0,62.45833333,62.45833333,0,69.4375,69.4375,258,2688.3125
102,199,Angamacutiro,Valladolid,,1798,,1798,1798-10-09,,,,,,,3,,300,862,152,279,1162,431,1593,1367,5139,1545,0.300642148,3594,0.699357852,3.759326993,2.62911485,,,,,,,,,7987,3594,4393,,,,1545,0.45,0.550018781,,,,0.193439339,2810.28125,0,0,0,0,40.75,40.75,0,45.28125,45.28125,2941.59375,,,,,,,,,,,,
103,101,Apacingan,Valladolid,,1804,,1804,1804-07-24,,1809,,1809,1809-05-24,,4,4,160,313,246,538,473,784,1257,1054,4403,2621,0.595275948,1782,0.404724052,4.177419355,1.690702087,209,333,325,534,542,859,1401,1134,5127,1782,3345,,,,2621,0.347586207,0.652428321,,,,0.511215136,2435.75,0,0,0,32.54166667,18.30208333,50.84375,0,20.34375,20.34375,2527.28125,2627.65625,0,0,0,36.64583333,20.60416667,57.25,0,22.90625,22.90625,86.4375,2817.15625
104,102,Ario,Valladolid,,1799,,1799,1799-06-25,,1804,,1804,1804-08-28,,4,7,134,447,272,631,581,903,1484,1281,3874,2235,0.576923077,1639,0.423076923,3.024199844,1.279469165,368,825,417,781,1193,1198,2391,1998.5,4443,1639,2804,,,,2235,0.368888889,0.631105109,,,,0.503038488,2869.6875,0,0,0,8.84375,7.125,15.96875,0,22.40625,22.40625,2930.46875,4254.34375,0,0,0,9.5,12,21.5,0,29.40625,29.40625,103.125,4437.78125
105,200,Caraquaro,Valladolid,,1799,,1799,1799-07-16,,,,,,,3,,32,73,65,129,105,194,299,250.5,875,516,0.589714286,359,0.410285714,3.493013972,1.433133733,,,,,,,,,973,359,614,,,,516,0.368888889,0.631038027,,,,0.530318602,580.59375,0,0,0,0,3,3,0,3.34375,3.34375,590.28125,,,,,,,,,,,,
106,201,Charo,Valladolid,,1798,,1798,1798-07-26,,,,,,,1,,124,400,10,35,524,45,569,502,2032,207,0.101870079,1825,0.898129921,4.047808765,3.635458167,,,,,,,,,2278,1825,453,94,359,27,207,0.801141352,0.198858648,0.041264267,0.157594381,0.011852502,0.090869183,387.5,0,458.3020833,458.3020833,0,22.94791667,22.94791667,156.25,25.5,25.5,1076,,,,,,,,,,,,
107,103,Chucandiro,Valladolid,,1798,,1798,1798-08-20,,1803,,1803,1803-08-26,,1,1,53,135,60,90,188,150,338,281.5,924,393,0.425324675,531,0.574675325,3.282415631,1.886323268,48,138,86,163,186,249,435,368,1180,531,649,,,,393,0.45,0.55,,,,0.333050847,627.1145833,0,0,0,0,7.760416667,7.760416667,0,8.625,8.625,652.125,846.34375,0,0,0,0,7.40625,7.40625,0,8.25,8.25,28.6875,898.9375
108,202,Cocupao,Valladolid,,1798,,1798,1798-11-16,,,,,,,5,,346,1136,142,265,1482,407,1889,1645,6003,1431,0.23838081,4572,0.76161919,3.649240122,2.779331307,,,,,,,,,11430,4572,6858,,,,1431,0.4,0.6,,,,0.12519685,3314.041667,165.625,0,165.625,0,71.17708333,71.17708333,0,79.09375,79.09375,3709.03125,,,,,,,,,,,,
109,104,Cuitzeo,Valladolid,,1799,,1799,1799-10-21,,1804,,1804,1804-12-18,,6,4,526,1127,179,168,1653,347,2000,1647.5,7567,1288,0.170212766,6279,0.829787234,4.593019727,3.811229135,560,1187,175,182,1747,357,2104,1736.5,9856,6279,3577,1636,1941,561,1288,0.637073864,0.362926136,0.16599026,0.196935877,0.056919643,0.130681818,3177.770833,0,0,0,127.1979167,71.53125,198.7291667,112.5,79.5,79.5,3648,3348.875,0,0,0,133.75,75.21875,208.96875,112.5,83.59375,83.59375,293.0625,4130.59375
110,203,Erongariquaro,Valladolid,,1798,,1798,1798-12-06,,,,,,,3,,243,735,18,51,978,69,1047,916.5,2556,197,0.077073552,2359,0.922926448,2.788870704,2.573922531,,,,,,,,,4289,2359,1930,,,,197,0.55,0.449988342,,,,0.045931453,1866.020833,0,0,0,0,47.41666667,47.41666667,0,52.6875,52.6875,2018.8125,,,,,,,,,,,,
111,105,Huango,Valladolid,,1798,,1798,1798-08-31,,1803,,1803,1803-09-01,,1,1,63,161,87,130,224,217,441,366,1512,781,0.516534392,731,0.483465608,4.131147541,1.99726776,66,171,116,171,237,287,524,433,1828,731,1097,,,,781,0.4,0.600109409,,,,0.427242888,828.5416667,0,0,0,0,9.364583333,9.364583333,0,10.40625,10.40625,858.71875,999.65625,0,0,0,0,10.21875,10.21875,0,11.375,11.375,39.375,1072
112,106,Huaniqueo,Valladolid,,1799,,1799,1799-03-14,,1809,,1809,1809-05-12,,3,3,149,479,89,155,628,244,872,753,2913,967,0.331960179,1946,0.668039821,3.868525896,2.584329349,158,491,98,136,649,234,883,755,5189,1946,3243,,,,967,0.375,0.624975911,,,,0.186355753,1532.854167,0,0,0,44.69791667,25.13541667,69.83333333,0,27.9375,27.9375,1658.5625,1504.072917,0,0,0,39.94791667,22.41666667,62.36458333,0,24.9375,24.9375,83.625,1699.9375
113,107,Huimeo o Huetamo,Valladolid,,1800,,1800,1800-12-04,,1806,,1806,1806-01-27,,12,12,726,1496,577,701,2222,1278,3500,2848.5,11653,4069,0.349180469,7584,0.650819531,4.090925048,2.662453923,746,1395,491,542,2141,1033,3174,2555.5,12062,7584,4478,,,,4069,0.62875,0.371248549,,,,0.337340408,6295.916667,0,0,0,25.39583333,101.625,127.0208333,0,112.9375,112.9375,6648.8125,5591.15625,0,0,0,21.25,96.34375,117.59375,0,107.25,107.25,384,6307.25
114,108,Motines o Coaguayana,Valladolid,,1800,,1800,1800-05-25,,1805,,1805,1805-08-05,,4,5,78,323,101,114,401,215,616,526.5,2134,550,0.257731959,1584,0.742268041,4.053181387,3.008547009,87,338,137,172,425,309,734,622,3220,1584,1636,436,1200,82,550,0.491925466,0.508074534,0.135403727,0.372670807,0.025465839,0.170807453,1232.5625,0,0,0,0,42.28125,42.28125,0,22.625,22.625,1320.09375,1472,0,0,0,0,45.1875,45.1875,0,23.78125,23.78125,79.3125,1644.0625
115,204,Paracho,Valladolid,,1798,,1798,1798-12-30,,,,,,,3,,363,1271,18,22,1634,40,1674,1483.5,4355,103,0.023650976,4252,0.976349024,2.935625211,2.86619481,,,,,,,,,14173,4252,9921,,,,103,0.3,0.699992944,,,,0.007267339,2559.9375,426.53125,0,426.53125,0,80.625,80.625,0,89.59375,89.59375,3246.28125,,,,,,,,,,,,
116,110,Puruandiro,Valladolid,,1798,,1798,1798-09-18,,1808,,1808,1808-10-03,,1,8,228,602,191,371,830,562,1392,1182.5,4503,478,0.106151455,4025,0.893848545,3.808033827,3.403805497,713,1467,493,776,2180,1269,3449,2846,10878,4025,6853,,,,478,0.37,0.62998713,,,,0.043941901,2467.979167,0,0,0,0,19.98958333,19.98958333,0,22.21875,22.21875,2532.40625,5940.78125,0,0,0,0,58.40625,58.40625,0,64.9375,64.9375,230.4375,6359.5
117,109,Patzcuaro,Valladolid,,1798,,1798,1798-11-27,,1809,,1809,1809-02-14,,2,23,328,1012,86,117,1340,203,1543,1336,4239,1687,0.39797122,2552,0.60202878,3.172904192,1.910179641,1620,4474,300,593,6094,893,6987,6027,4400,2552,1848,,,,1687,0.58,0.42,,,,0.383409091,2659.5,0,0,0,55.29166667,58.80208333,114.09375,0,65.34375,65.34375,2904.28125,11737.01042,592.1875,0,592.1875,11.39583333,251.9375,263.3333333,0,303.78125,303.78125,1045.3125,14245.40625
118,205,Santa Clara de los Cobres,Valladolid,,1799,,1799,1799-02-05,,,,,,,1,,139,386,77,109,525,186,711,603,2116,599,0.283081285,1517,0.716918715,3.509121061,2.515754561,,,,,,,,,6068,1517,4551,,,,599,0.25,0.75,,,,0.098714568,1260.083333,0,0,0,0,20.97916667,20.97916667,0,23.3125,23.3125,1327.6875,,,,,,,,,,,,
119,111,Tacambaro,Valladolid,,1799,,1799,1799-02-12,,1809,,1809,1809-05-31,,1,1,146,286,98,181,432,279,711,589,1799,689,0.38299055,1110,0.61700945,3.054329372,1.884550085,155,343,93,157,498,250,748,624,3171,1110,2061,,,,689,0.35,0.649952696,,,,0.217281615,1214.958333,0,0,0,0,8.541666667,8.541666667,0,9.5,9.5,1242.5,1235.90625,0,0,0,0,8.125,8.125,0,9.03125,9.03125,32.0625,1294.15625
120,112,Taretan,Valladolid,,1799,,1799,1799-01-20,,1809,,1809,1809-01-05,,2,4,167,297,104,243,464,347,811,675.5,2338,925,0.395637297,1413,0.604362703,3.461139896,2.091783864,187,382,152,277,569,429,998,828.5,2826,1413,1413,,,,925,0.5,0.5,,,,0.327317764,1495.239583,0,0,0,0,17.88541667,17.88541667,0,19.875,19.875,1552.875,1813.21875,0,0,0,0,19.1875,19.1875,0,22.15625,22.15625,78.1875,1954.90625
121,113,Tiripitio,Valladolid,,1799,,1799,1799-02-25,,1809,,1809,1809-09-28,,3,3,254,671,79,193,925,272,1197,1030.5,4108,1098,0.26728335,3010,0.73271665,3.986414362,2.920912179,351,623,247,178,974,425,1399,1100,10033,3010,7023,,,,1098,0.3,0.699990033,,,,0.109438852,2037.96875,0,0,0,36.19791667,30.67708333,66.875,0,34.09375,34.09375,2173.03125,2189.65625,0,0,0,28.59375,22.75,51.34375,0,25.3125,25.3125,87.9375,2379.5625
122,114,Tlalpuxahua,Valladolid,,1804,,1804,1804-05-19,,1809,,1809,1809-08-04,,6,6,246,788,157,295,1034,452,1486,1284.5,6794,2183,0.321312923,4611,0.678687077,5.289217594,3.589723628,265,770,142,260,1035,402,1437,1233.5,7286,4611,2675,,,,2183,0.632857143,0.367142465,,,,0.299615701,3317.458333,0,0,0,91.09375,36.44791667,127.5416667,0,40.5,40.5,3526,2611.375,0,0,0,62.29166667,50.64583333,112.9375,0,56.40625,56.40625,193.125,3030.25
123,115,Tlazazalca,Valladolid,,1802,,1802,1802-05-04,,1807,,1807,1807-10-14,,5,5,687,1696,486,658,2383,1144,3527,2940.5,12412,3869,0.31171447,8543,0.68828553,4.221050842,2.905288216,666,1798,471,609,2464,1080,3544,2975.5,24133,8543,15590,,,,3869,0.354,0.646003398,,,,0.160319894,6103.8125,0,0,0,165,92.8125,257.8125,0,103.125,103.125,6567.875,6108,0,0,0,168,94.5,262.5,0,105,105,352.3125,6932.8125
124,116,Urecho,Valladolid,,1799,,1799,1799-01-28,,1804,,1804,1804-03-22,,1,1,12,45,95,213,57,308,365,311.5,1027,865,0.842259007,162,0.157740993,3.296950241,0.520064205,22,54,97,218,76,315,391,331.5,1620,162,1458,,,,865,0.1,0.9,,,,0.533950617,751.5,0,0,0,0,0,0,0,0,0,751.5,788,0,0,0,0,0,0,0,0,0,0,788
125,117,Uruapan,Valladolid,,1799,,1799,1799-01-12,,1809,,1809,1809-02-01,,6,4,527,962,62,126,1489,188,1677,1382.5,4972,444,0.08930008,4528,0.91069992,3.596383363,3.27522604,541,928,23,63,1469,86,1555,1273,6037,4528,1509,,,,444,0.75,0.249958589,,,,0.073546463,2838.3125,0,0,0,0,65.78125,65.78125,0,73.09375,73.09375,3050.28125,2562.375,0,0,0,0,63.625,63.625,0,70.6875,70.6875,260.0625,3027.4375
126,118,Valladolid,Valladolid,,1798,,1798,1798-07-03,,1803,1807,1805,1803-07-28,1807-03-24,2,2,735,961,363,386,1696,749,2445,1896,6383,1945,0.304715651,4438,0.695284349,3.366561181,2.3407173,500,1219,233,375,1719,608,2327,1960.5,29587,4438,25149,,,,1945,0.15,0.85000169,,,,0.065738331,3686.78125,0,0,0,0,20.5,20.5,0,22.78125,22.78125,3752.84375,3683.9375,0,0,0,0,21.4375,21.4375,0,23.875,23.875,82.3125,3835.4375
127,119,Xiquilpan,Valladolid,,1804,,1804,1804-08-13,,1809,,1809,1809-07-24,,17,7,967,2677,413,743,3644,1156,4800,4110,14138,3174,0.224501344,10964,0.775498656,3.439902676,2.667639903,765,2652,426,660,3417,1086,4503,3907.5,22624,10964,11660,3380,8280,0,3174,0.484618105,0.515381895,0.149398868,0.365983027,0,0.140293494,8559.166667,0,0,0,207.34375,172.7708333,380.1145833,0,191.28125,191.28125,9321.84375,8199.708333,0,0,0,103.4166667,162.28125,265.6979167,0,180.53125,180.53125,604.5,9430.96875
128,206,Indaparapeo,Valladolid,,1798,,1798,1798-08-07,,,,,,,2,,225,723,103,194,948,297,1245,1081,4243,994,0.234268206,3249,0.765731794,3.92506938,3.005550416,,,,,,,,,4998,3249,1749,,,,994,0.65,0.349939976,,,,0.198879552,2086.145833,0,0,0,0,21.47916667,21.47916667,0,23.875,23.875,2155.375,,,,,,,,,,,,
129,120,Zamora,Valladolid,,1804,,1804,1804-09-18,,1809,,1809,1809-07-20,,12,7,490,1002,807,1385,1492,2192,3684,3035.5,12872,7611,0.591283406,5261,0.408716594,4.240487564,1.733157635,617,1064,1044,1679,1681,2723,4404,3573.5,17774,5261,12513,,,,7611,0.296,0.704005851,,,,0.428209745,6952.75,0,0,0,100.5416667,56.55208333,157.09375,0,62.84375,62.84375,7235.53125,8265.104167,0,0,0,109,61.27083333,170.2708333,0,68.125,68.125,249.75,8821.375
130,121,Zinapequaro,Valladolid,,1804,,1804,1804-08-01,,1809,,1809,1809-06-08,,4,18,539,1376,135,94,1915,229,2144,1807,7356,813,0.110522023,6543,0.889477977,4.070835639,3.62091865,1213,2695,401,469,3908,870,4778,3971,8806,6543,2263,,,,813,0.743,0.256983875,,,,0.092323416,3600.1875,0,0,0,9.25,78.1875,87.4375,0,86.875,86.875,3861.375,7431.6875,0,619.8125,619.8125,32.59375,150.78125,183.375,0,167.625,167.625,581.625,9151.75
131,122,Zitaquaro y Angangueo,Valladolid,,1800,1801,1800.5,1800-03-31,1801-12-14,1805,,1805,1805-12-06,,15,7,1875,4907,556,925,6782,1481,8263,7047.5,25920,4491,0.173263889,21429,0.826736111,3.677899965,3.040652714,1921,5272,913,1517,7193,2430,9623,8206,35596,21429,14167,,,,4491,0.602,0.397994157,,,,0.126165861,14708.54167,0,0,0,163.5416667,328.6979167,492.2395833,0,365.28125,365.28125,15931.34375,17482.91667,0,0,0,183.3958333,350.21875,533.6145833,0,389.53125,389.53125,1339.875,20135.46875
132,123,Dolores,Guanajuato,,1800,,1800,1800-10-11,,1805,,1805,1805-09-23,,2,2,667,1883,382,282,2550,664,3214,2689.5,11232,2354,0.209579772,8878,0.790420228,4.176240937,3.300985313,610,2081,339,389,2691,728,3419,2944.5,17934,8878,9526,3585,5941,0,2354,0.495037359,0.531169845,0.199923377,0.331270213,0,0.131259061,5724.875,0,0,0,0,124.65625,124.65625,0,138.53125,138.53125,6126.59375,6267.9375,0,0,0,0,134.1875,134.1875,0,149.125,149.125,491.625,7192
133,124,Guanaxuato,Guanajuato,,1772,,1772,1772-02-24,,1772,,1772,1772-02-24,,1,1,1884,3485,591,240,5369,831,6200,4962.5,22475,2387,0.106206897,20088,0.893793103,4.528967254,4.047959698,1884,3485,591,240,5369,831,6200,4962.5,110410,20088,91479,53523,37956,0,2387,0.181940042,0.828539082,0.484766387,0.343773209,0,0.021619419,8127,0,0,0,0,0,0,0,0,0,8127,8127,0,0,0,0,0,0,0,0,0,0,8127
134,125,Leon,Guanajuato,,1801,,1801,1801-10-12,,1806,,1806,1806-07-04,,4,4,1260,3030,961,1127,4290,2088,6378,5267.5,27510,8721,0.317011996,18789,0.682988004,5.222591362,3.566967252,1297,3306,884,1300,4603,2184,6787,5696.5,54825,18789,37869,11524,26345,0,8721,0.342708618,0.690725034,0.210197798,0.480528956,0,0.159069767,11134.375,0,0,0,0,153.90625,153.90625,0,171.03125,171.03125,11630.34375,11945.03125,0,0,0,0,159.65625,159.65625,0,177.4375,177.4375,603.9375,13063.5
135,126,Marfil,Guanajuato,Merge with Guanaxuato?,1802,,1802,1802-01-05,,1807,,1807,1807-01-24,,1,1,316,649,106,104,965,210,1175,964,4480,788,0.175892857,3692,0.824107143,4.647302905,3.829875519,363,660,127,124,1023,251,1274,1029,,,,,,,,,,,,,,1629.5,0,0,0,0,0,0,0,0,0,1629.5,1762.75,0,0,0,0,0,0,0,0,0,0,1762.75
136,127,Piedragorda,Guanajuato,,1801,,1801,1801-12-13,,1806,,1806,1806-06-13,,2,2,363,638,315,437,1001,752,1753,1414,17962,6519,0.362932858,11443,0.637067142,12.7029703,8.092644979,370,697,325,396,1067,721,1788,1440.5,25679,11443,15606,5398,10208,0,6519,0.445617041,0.607733946,0.210224512,0.397523268,0,0.253865026,2794.25,0,0,0,0,0,0,0,0,0,2794.25,2800,0,0,0,0,0,0,0,0,0,0,2800
137,128,Penjamo,Guanajuato,,1802,,1802,1802-03-11,,1806,,1806,1806-08-20,,1,1,1065,1750,739,724,2815,1463,4278,3376,7297,3276,0.448951624,4021,0.551048376,2.161433649,1.191054502,1313,2093,975,799,3406,1774,5180,4036,11931,4021,8327,1520,6807,0,3276,0.337021205,0.697929763,0.127434135,0.570530551,0,0.274578828,6418.447917,0,0,0,0,8.458333333,8.458333333,0,9.40625,9.40625,6445.71875,7662.46875,0,0,0,0,8.6875,8.6875,0,9.65625,9.65625,34.3125,7724.78125
138,129,San Luis de la Paz,Guanajuato,,1803,,1803,1803-12-01,,1808,,1808,1808-09-01,,11,11,1053,3235,344,203,4288,547,4835,4136.5,22688,1974,0.087006347,20714,0.912993653,5.48483017,5.007615134,1453,3579,435,226,5032,661,5693,4749,34581,20714,14144,4853,9291,0,1974,0.598999451,0.409010728,0.140348024,0.268673549,0,0.057083369,5725.375,0,0,0,0,0,0,0,0,0,5725.375,6599.375,0,0,0,0,0,0,0,0,0,839.4375,7438.8125
139,130,San Miguel el Grande,Guanajuato,,1800,,1800,1800-08-18,,1805,,1805,1805-07-03,,2,2,1761,3326,1060,588,5087,1648,6735,5324.5,23598,5942,0.251801,17656,0.748199,4.431965443,3.315992112,1833,4269,945,791,6102,1736,7838,6449,39586,17656,22955,6827,16128,0,5942,0.446016268,0.579876724,0.172464272,0.407416764,0,0.150103572,11499.29167,0,0,0,0,236.6145833,236.6145833,0,262.90625,262.90625,12261.71875,13798.40625,0,0,0,0,291.6875,291.6875,0,324.09375,324.09375,1089.1875,15827.46875
140,131,Silao,Guanajuato,,1801,,1801,1801-12-11,,1806,,1806,1806-10-06,,1,1,954,2779,42,134,3733,176,3909,3411,16757,897,0.053529868,15860,0.946470132,4.912635591,4.649662855,1504,2601,240,91,4105,331,4436,3564,32119,15860,16448,6779,9669,0,897,0.493788723,0.512095644,0.21106493,0.30103677,0,0.027927395,5366.5,0,0,0,0,0,0,0,10.5625,10.5625,5387.625,5724.25,0,0,0,0,0,0,0,13.40625,13.40625,49.6875,5800.75
141,132,Irapuato,Guanajuato,,1801,,1801,1801-10-12,,1806,,1806,1806-07-31,,1,1,1006,2871,153,275,3877,428,4305,3725.5,17034,1573,0.092344722,15461,0.907655278,4.572272178,4.150046974,1738,2721,559,171,4459,730,5189,4040.5,37612,15461,22474,7710,14764,0,1573,0.411065617,0.597522067,0.204977037,0.392534298,0,0.041821759,6106.5,0,0,0,0,0,0,0,16.0625,16.0625,6138.625,6851.5,0,0,0,0,0,0,0,25.0625,25.0625,95.8125,6997.4375
142,133,Zelaya,Guanajuato,,1802,,1802,1802-02-01,,1806,,1806,1806-12-24,,20,25,6086,18957,1797,727,25043,2524,27567,23625.5,107508,8437,0.078477881,99071,0.921522119,4.550506868,4.193392732,9668,23087,2174,1234,32755,3408,36163,30242,217507,99071,120644,56935,63709,0,8437,0.455484191,0.554667206,0.261763835,0.292905516,0,0.038789556,48792.14583,0,0,0,150.9479167,1220.1875,1371.135417,0,1279.90625,1279.90625,52723.09375,62335.9375,0,0,0,46.5,1550.625,1597.125,0,1745.0625,1745.0625,6045.75,73468.9375
143,134,Charcas,Potosi,,1803,,1803,1803-10-05,,1808,,1808,1808-11-26,,7,8,1012,1862,1629,2845,2874,4474,7348,6027.5,27530,16731,0.607737014,10799,0.392262986,4.567399419,1.791621734,840,1668,1368,2076,2508,3444,5952,4848,,,,,,,,,,,,,,16286.375,0,0,0,0,0,0,0,0,0,16286.375,12953.375,0,0,0,0,0,0,0,0,0,20.8125,12974.1875
144,135,Guadalcazar,Potosi,,1800,,1800,1800-07-24,,1805,,1805,1805-09-12,,2,3,773,917,688,470,1690,1158,2848,2117.5,9575,4552,0.4754047,5023,0.5245953,4.521841795,2.372136954,723,968,609,536,1691,1145,2836,2170,11162,5023,6139,,,,4552,0.45,0.549991041,,,,0.40781222,5374.875,0,0,0,0,0,0,0,0,0,5374.875,5612.875,0,0,0,0,0,0,0,0,0,0,5612.875
145,136,Potosi,Potosi,,1800,,1800,1800-11-16,,1805,,1805,1805-12-13,,5,6,872,2093,767,1256,2965,2023,4988,4168.5,31306,7875,0.251549224,23431,0.748450776,7.51013554,5.620966775,1651,4019,782,1150,5670,1932,7602,6385.5,36048,23431,12617,,,,7875,0.65,0.350005548,,,,0.218458722,14233.5,0,0,0,0,0,0,0,0,0,14233.5,15523.125,0,0,0,0,0,0,0,0,0,0,15523.125
146,137,Rio Verde,Potosi,,1800,,1800,1800-12-04,,1805,,1805,1805-11-18,,6,1,1224,3562,836,1196,4786,2032,6818,5788,9408,3740,0.397534014,5668,0.602465986,1.625431928,0.97926745,976,1079,723,543,2055,1266,3321,2471.5,11336,5668,5668,,,,3740,0.5,0.5,,,,0.329922371,5356.5,0,0,0,0,0,0,0,0,0,5356.5,6239.25,0,0,0,0,0,0,0,0,0,0,6239.25
147,138,Santa Maria del Rio,Potosi,,1800,,1800,1800-07-08,,1806,,1806,1806-02-04,,2,3,676,1044,494,502,1720,996,2716,2131,21041,8201,0.389762844,12840,0.610237156,9.873768184,6.025340216,1084,1954,739,857,3038,1596,4634,3722.5,23345,12840,10505,,,,8201,0.55,0.449989291,,,,0.351295781,10608.75,0,0,0,0,0,0,0,0,0,10608.75,9000.375,0,0,0,0,0,0,0,0,0,0,9000.375
148,139,Valles,Potosi,,1803,,1803,1803-02-19,,1808,,1808,1808-07-07,,23,23,1367,6248,542,1098,7615,1640,9255,8300.5,32662,6163,0.188690221,26499,0.811309779,3.934943678,3.192458286,1061,5529,661,1292,6590,1953,8543,7682,40301,26499,14319,3382,10937,0,6163,0.657527109,0.355301357,0.083924538,0.271382844,0,0.152924245,14982.75,0,0,0,0,151.65625,151.65625,0,330.96875,330.96875,15796.34375,14122.28125,0,0,0,0,120.875,120.875,0,269.65625,269.65625,871.6875,15654.15625
149,140,Venado,Potosi,,1799,,1799,1799-10-27,,1806,,1806,1806-10-03,,2,2,0,972,0,367,972,367,1339,1339,7025,1878,0.267330961,5147,0.732669039,5.246452577,3.843913368,0,1190,0,392,1190,392,1582,1582,7918,5147,2771,,,,1878,0.65,0.349962112,,,,0.237181106,3288,0,0,0,0,0,0,0,0,60.75,3348.75,3853.5,0,0,0,0,0,0,0,0,74.375,223.125,4151
150,141,Acaponeta,Guadalajara,,1803,,1803,1803-07-04,,1803,,1803,1803-07-04,,1,1,31,71,208,336,102,544,646,526.5,3821,1911,0.500130856,1910,0.499869144,7.257359924,3.627730294,31,71,208,336,102,544,646,526.5,,,,,,,,,,,,,,1256.78125,0,0,0,0,5.40625,5.40625,0,0,0,1262.1875,1256.78125,0,0,0,0,5.40625,5.40625,0,0,0,18.9375,1281.125
151,142,Aguacatlan,Guadalajara,,1796,,1796,1796-09-22,,1804,,1804,1804-11-22,,2,2,313,422,143,186,735,329,1064,836,4037,1255,0.310874412,2782,0.689125588,4.828947368,3.327751196,195,454,174,177,649,351,1000,815.5,8049,2782,5267,1409,3858,71,1255,0.345632998,0.654367002,0.175052802,0.479314201,0.008820972,0.15591999,1658.6875,0,0,0,0,35.9375,35.9375,36,0,0,1730.625,1660.96875,0,0,0,0,34.34375,34.34375,0,0,0,120.75,1816.0625
152,143,Autlan,Guadalajara,,1802,,1802,1802-03-13,,1807,,1807,1807-09-18,,11,12,167,732,293,684,899,977,1876,1646,7461,4130,0.553545101,3331,0.446454899,4.532806804,2.023693803,257,834,462,808,1091,1270,2361,2001.5,8875,3331,5544,1186,4358,228,4130,0.375323944,0.624676056,0.133633803,0.491042254,0.025690141,0.465352113,3736.927083,0,0,0,23.64583333,43.05208333,66.69791667,0,0,50.96875,3854.59375,4527.6875,0,0,0,91.29166667,51.30208333,142.59375,0,0,60.15625,204.5625,4935
153,144,Barca,Guadalajara,,1802,,1802,1802-11-04,,1809,,1809,1809-03-08,,13,13,647,2074,526,1273,2721,1799,4520,3933.5,14530,5593,0.384927736,8937,0.615072264,3.693911275,2.272022372,745,1948,687,1458,2693,2145,4838,4122,,,,,,,,,,,,,,2286.1875,0,0,0,0,140.6875,140.6875,0,0,0,2426.875,8732,0,0,0,0,143,143,0,0,0,498.375,9373.375
154,145,Barranca,Guadalajara,,1804,,1804,1804-08-14,,1804,,1804,1804-08-14,,9,9,145,641,39,111,786,150,936,844,3567,529,0.148303897,3038,0.851696103,4.226303318,3.599526066,145,1641,39,111,1786,150,1936,1844,,,,,,,,,,,,,,1619.46875,0,0,0,0,44.59375,44.59375,0,0,0,1664.0625,1619.46875,0,0,0,0,44.59375,44.59375,0,0,0,146.4375,1810.5
155,146,Colima,Guadalajara,,1802,,1802,1802-08-05,,1802,,1802,1802-08-05,,11,11,302,933,568,937,1235,1505,2740,2305,9048,4590,0.50729443,4458,0.49270557,3.92537961,1.934056399,302,933,568,937,1235,1505,2740,2305,14557,4458,10099,4376,5723,733,4590,0.306244418,0.693755582,0.30061139,0.393144192,0.050353782,0.315312221,5402.78125,0,0,0,17.375,55.875,73.25,0,62.15625,62.15625,5600.34375,5402.78125,0,0,0,17.375,55.875,73.25,0,62.15625,62.15625,210.9375,5811.28125
156,147,Compostela,Guadalajara,,1804,,1804,1804-03-05,,1804,,1804,1804-03-05,,1,1,0,0,42,70,0,112,112,91,482,482,1,0,0,5.296703297,0,0,0,42,70,0,112,112,91,,,,,,,,,,,,,,227.5,0,0,0,0,0,0,0,0,0,227.5,227.5,0,0,0,0,0,0,0,0,0,0,227.5
157,148,Cuquio,Guadalajara,,1804,,1804,1804-05-25,,1804,,1804,1804-05-25,,14,14,252,1066,83,206,1318,289,1607,1439.5,6658,1213,0.182186843,5445,0.817813157,4.625217089,3.78256339,252,1066,83,206,1318,289,1607,1439.5,,,,,,,,,,,,,,2778.25,0,0,0,0,74.5,74.5,0,0,0,2852.75,2779.25,0,0,0,0,74.5,74.5,0,0,0,247.125,3100.875
158,149,Etzatlan,Guadalajara,,1804,,1804,1804-08-08,,1804,,1804,1804-08-08,,6,6,273,646,417,738,919,1155,2074,1729,7913,4107,0.519019335,3806,0.480980665,4.576633892,2.201272412,273,646,417,738,919,1155,2074,1729,10874,3806,7068,,,,4107,0.35,0.649990804,,,,0.377689903,3916.614583,0,0,0,58.6875,47.32291667,106.0104167,0,0,54.28125,4076.90625,3742.0625,0,0,0,58.6875,39.125,97.8125,0,0,48.90625,172.3125,4061.09375
159,150,Guadalaxara,Guadalajara,,1804,,1804,1804-04-27,,1804,,1804,1804-04-25,,3,3,101,307,0,0,408,0,408,357.5,1392,0,0,1392,1,3.893706294,3.893706294,101,307,0,0,408,0,408,357.5,,,,,,,,,,,,,,647.96875,0,0,0,0,22.34375,22.34375,0,0,0,670.3125,647.96875,0,0,0,0,22.34375,22.34375,0,0,0,76.5,746.8125
160,152,Huauchinango y Maxcota,Guadalajara,,1798,,1798,1798-02-19,,1805,,1805,1805-05-10,,3,3,259,528,281,336,787,617,1404,1134,5722,2463,0.430443901,3259,0.569556099,5.045855379,2.873897707,170,491,318,465,661,783,1444,1200,,,,,,,,,,,,,,2427.65625,0,0,0,0,37.03125,37.03125,0,0,0,2464.6875,2612.59375,0,0,0,0,35.21875,35.21875,0,0,0,120.9375,2768.75
161,151,Lagos,Guadalajara,,1802,,1802,1802-08-05,,1808,,1808,1808-05-16,,16,16,509,2468,820,2049,2977,2869,5846,5181.5,21071,10029,0.475962223,11042,0.524037777,4.066583036,2.131043134,852,3152,979,2309,4004,3288,7292,6376.5,,,,,,,,,,,,,,11082.03125,0,0,0,0,170.15625,170.15625,0,0,0,11252.1875,13481.375,0,0,0,0,223.625,223.625,0,0,0,750.5625,14455.5625
162,153,Ostotipaquillo,Guadalajara,,1797,,1797,1797-03-10,,1805,,1805,1805-10-30,,3,2,31,50,202,370,81,572,653,536.5,2208,1697,0.768568841,511,0.231431159,4.11556384,0.952469711,31,40,140,356,71,496,567,481.5,,,,,,,,,,,,,,1304.46875,0,0,0,0,3.34375,3.34375,0,0,0,1307.8125,1166.625,0,0,0,0,3.375,3.375,0,0,0,12.9375,1182.9375
163,154,Tala,Guadalajara,,1802,,1802,1802-07-30,,1807,,1807,1807-05-20,,6,6,85,521,94,252,606,346,952,862.5,3466,1368,0.394691287,2098,0.605308713,4.018550725,2.432463768,92,509,118,310,601,428,1029,924,,,,,,,,,,,,,,1768.09375,0,0,0,0,35.21875,35.21875,0,0,0,1803.3125,1928.4375,0,0,0,0,34.6875,34.6875,0,0,0,109.5,2072.625
164,155,Tepactitlan,Guadalajara,,1804,,1804,1804-01-16,,1804,,1804,1804-01-16,,9,9,144,656,175,331,800,506,1306,1146.5,5048,2042,0.40451664,3006,0.59548336,4.402965547,2.621892717,144,656,175,331,800,506,1306,1146.5,,,,,,,,,,,,,,2365.75,0,0,0,0,45.5,45.5,0,0,0,2411.25,2365.75,0,0,0,0,45.5,45.5,0,0,0,150,2561.25
165,156,Tepic,Guadalajara,,1804,,1804,1804-02-18,,1804,,1804,1804-02-18,,8,8,169,317,384,663,486,1047,1533,1256.5,5437,3479,0.639874931,1958,0.360125069,4.327099085,1.558296856,169,317,384,663,486,1047,1533,1256.5,,,,,,,,,,,,,,2887.21875,0,0,0,0,46.1875,46.1875,0,0,0,2933.40625,2887.21875,0,0,0,0,23.09375,23.09375,0,0,0,83.8125,2994.125
166,157,Tequepexpan,Guadalajara,,1798,,1798,1798-08-20,,1805,,1805,1805-02-09,,4,4,150,439,74,164,589,238,827,715,2596,768,0.295839753,1828,0.704160247,3.630769231,2.556643357,143,455,126,212,598,338,936,801.5,,,,,,,,,,,,,,1384.125,0,0,0,0,32.125,32.125,50,0,0,1466.25,1641.78125,0,0,0,0,32.90625,32.90625,0,0,0,110.8125,1785.5
167,158,Tequila,Guadalajara,,1804,,1804,1804-06-07,,1804,,1804,1804-07-07,,4,4,181,440,115,244,621,359,980,832,3593,1206,0.335652658,2387,0.664347342,4.318509615,2.868990385,181,440,115,244,621,359,980,832,,,,,,,,,,,,,,1736.59375,0,0,0,0,31.21875,31.21875,0,0,0,1767.8125,1736.34375,0,0,0,0,31.21875,31.21875,0,0,0,109.3125,1876.875
168,159,Tlaxomulco,Guadalajara,,1804,,1804,1804-02-01,,1804,,1804,1804-02-01,,9,9,292,1275,64,191,1567,255,1822,1644,6158,842,0.136732705,5316,0.863267295,3.745742092,3.233576642,292,1275,64,191,1567,255,1822,1644,,,,,,,,,,,,,,3133.9375,0,0,0,0,88.8125,88.8125,0,0,0,3222.75,3133.0625,0,0,0,0,88.8125,88.8125,0,0,0,293.8125,3515.6875
169,160,Tomatlan,Guadalajara,,1797,,1797,1797-07-20,,1805,,1805,1805-02-17,,2,2,76,114,73,110,190,183,373,298.5,2010,1183,0.588557214,827,0.411442786,6.733668342,2.770519263,57,145,76,116,202,192,394,327.5,,,,,,,,,,,,,,664.09375,0,0,0,0,7.46875,7.46875,0,0,0,671.5625,741.0625,0,0,0,0,7.0625,7.0625,0,0,0,24.5625,772.6875
170,161,Tonala,Guadalajara,,1803,,1803,1803-09-10,,1803,,1803,1803-09-10,,12,12,439,1746,30,72,2185,102,2287,2052.5,8128,435,0.053518701,7693,0.946481299,3.960048721,3.748112058,439,1746,30,72,2185,102,2287,2052.5,,,,,,,,,,,,,,3779.96875,0,0,0,0,122.84375,122.84375,0,0,0,3902.8125,3779.96875,0,0,0,0,122.84375,122.84375,0,0,0,409.6875,4312.5
171,162,Tuxacuesco,Guadalajara,,1801,,1801,1801-08-25,,1807,,1807,1807-05-11,,15,15,338,928,247,395,1266,642,1908,1615.5,6108,1998,0.327111984,4110,0.672888016,3.780872795,2.544103993,363,1167,278,528,1530,806,2336,2015.5,7686,4110,3576,1441,2135,137,1998,0.534738486,0.465261514,0.187483737,0.277777778,0.017824616,0.259953162,3558.90625,0,0,0,0,61.65625,61.65625,0,0,68.5625,3689.125,4464.708333,0,0,0,152.2916667,75.78125,228.0729167,0,0,84.28125,286.6875,5063.75
172,163,Xolapa (Oztotipac),Guadalajara,,1798,,1798,1798-02-27,,1804,,1804,1804-12-24,,1,1,0,0,142,202,0,344,344,273,1199,1199,1,0,0,4.391941392,0,0,0,120,93,0,213,213,153,,,,,,,,,,,,,,682.5,0,0,0,0,0,0,0,0,0,682.5,382.5,0,0,0,0,0,0,0,0,0,0,382.5
173,164,Zapotlan,Guadalajara,,1800,,1800,1800-06-14,,1806,,1806,1806-06-14,,8,6,359,2279,368,604,2638,972,3610,3246.5,13413,3770,0.281070603,9643,0.718929397,4.131526259,2.970275682,345,2157,409,732,2502,1141,3643,3266,17533,9643,7890,,,,3770,0.55,0.450008555,,,,0.215023099,6742.5,0,0,0,244.34375,137.375,381.71875,0,0,152.71875,7276.9375,6782.552083,0,0,0,232.5416667,130.75,363.2916667,0,0,145.34375,467.8125,7759
174,165,Zayula,Guadalajara,,1801,,1801,1801-07-06,,1807,,1807,1807-05-30,,18,18,2277,6294,514,1241,8571,1755,10326,8930.5,34587,5658,0.163587475,28929,0.836412525,3.872907452,3.239348301,2545,6721,748,1472,9266,2220,11486,9839.5,64287,28929,35358,,,,5658,0.45,0.550002333,,,,0.088011573,16341.6875,1700.09375,0,1700.09375,743.25,418,1161.25,0,0,464.53125,19667.5625,18330.42708,1700.09375,0,1700.09375,799.34375,449.4479167,1248.791667,9.28125,0,499.59375,1737.375,23525.5625
175,166,Zentispac,Guadalajara,,1803,,1803,1803-08-20,,1803,,1803,1803-08-20,,7,7,81,210,67,136,291,203,494,420,1995,1062,0.532330827,933,0.467669173,4.75,2.221428571,81,210,67,136,291,203,494,420,,,,,,,,,,,,,,877.78125,0,0,0,0,15.65625,15.65625,0,0,0,893.4375,877.78125,0,0,0,0,15.65625,15.65625,0,0,0,54.5625,948
176,167,Aguas Calientes,Zacatecas,,1803,,1803,1803-06-11,,1809,,1809,1809-10-30,,4,4,119,457,632,1461,576,2093,2669,2293.5,9816,6916,0.704563977,2900,0.295436023,4.279921517,1.264442991,375,669,998,1798,1044,2796,3840,3153.5,,,,,,,,,,,,,,5378.65625,0,0,0,0,32.28125,32.28125,0,0,0,5410.9375,7544.125,0,0,0,0,30.875,30.875,0,0,0,109.3125,7684.3125
177,168,Fresnillo,Zacatecas,,1800,,1800,1800-09-04,,1800,,1800,1800-09-04,,6,6,255,1424,1114,3411,1679,4525,6204,5519.5,24053,18118,0.753253232,5935,0.246746768,4.357822267,1.075278558,255,1424,1114,3411,1679,4525,6204,5519.5,,,,,,,,,,,,,,12967.5625,0,0,0,0,75.5625,75.5625,0,0,0,13043.125,12967.5625,0,0,0,0,75.5625,75.5625,0,0,0,241.5,13284.625
178,169,Mazapil,Zacatecas,,1798,,1798,1798-07-10,,1805,,1805,1805-04-25,,1,1,41,101,361,818,142,1179,1321,1120,5914,5374,0.908691241,540,0.091308759,5.280357143,0.482142857,62,208,254,653,270,907,1177,1019,,,,,,,,,,,,,,2724.0625,0,0,0,0,0,0,0,0,0,2724.0625,2547.5,0,0,0,0,0,0,0,0,0,0,2547.5
179,170,Nieves,Zacatecas,,1804,,1804,1804-02-22,,1809,,1809,1809-10-06,,2,2,40,93,306,743,133,1049,1182,1009,5204,4585,0.881053036,619,0.118946964,5.157581764,0.613478692,72,112,313,598,184,911,1095,902.5,,,,,,,,,,,,,,2522.5,0,0,0,0,0,0,0,0,0,2522.5,2256.25,0,0,0,0,0,0,0,0,0,0,2256.25
180,171,Pinos,Zacatecas,,1801,,1801,1801-12-14,,1806,,1806,1806-07-28,,1,1,397,928,362,703,1325,1065,2390,2010.5,11904,5386,0.452452957,6518,0.547547043,5.920915195,3.241979607,253,652,220,386,905,606,1511,1274.5,,,,,,,,,,,,,,5026.25,0,0,0,0,0,0,0,0,0,5026.25,3186.25,0,0,0,0,0,0,0,0,0,0,3186.25
181,172,Sombrerete,Zacatecas,,1800,,1800,1800-01-15,,1804,,1804,1804-07-08,,2,3,294,840,122,200,1134,322,1456,1248,5123,997,0.194612532,4126,0.805387468,4.104967949,3.306089744,116,480,389,1047,596,1436,2032,1779.5,,,,,,,,,,,,,,3120,0,0,0,0,0,0,0,0,0,3120,4328.1875,0,0,0,0,0,0,0,0,0,39.9375,4368.125
182,173,Xuchipila,Zacatecas,,1803,,1803,1803-07-30,,1809,,1809,1809-02-24,,14,8,500,2654,433,1301,3154,1734,4888,4421.5,19026,6663,0.350204983,12363,0.649795017,4.303064571,2.796109917,649,2559,658,1548,3208,2206,5414,4760.5,,,,,,,,,,,,,,9057.25,0,0,0,0,181.5,181.5,0,0,0,9238.75,9918.84375,0,0,0,0,180.21875,180.21875,0,0,0,601.3125,10700.375
183,174,Zacatecas,Zacatecas,,1803,,1803,1803-10-17,,1808,,1808,1808-06-19,,4,4,601,1544,888,2022,2145,2910,5055,4310.5,19108,10278,0.537889889,8830,0.462110111,4.432896416,2.048486254,515,1191,1464,2389,1706,3853,5559,4569.5,,,,,,,,,,,,,,10580.3125,0,0,0,0,0,0,0,0,0,10580.3125,11294.375,0,0,0,0,0,0,0,0,0,45,11339.375
184,175,Alamos,Arispe,,,,1803,,,,,,,,1,1,34,86,82,112,120,194,314,256,1083,578,0.533702678,505,0.466297322,4.23046875,1.97265625,34,86,82,112,120,194,314,256,,,,,,,,,,,,,,588.5,0,0,0,0,0,0,0,0,0,588.5,588.5,0,0,0,0,0,0,0,0,0,22.5,611
185,176,Copala,Arispe,,1803,,1803,1803-03-15,,1803,,1803,1803-03-15,,9,9,77,351,476,563,428,1039,1467,1190.5,4753,3117,0.655796339,1636,0.344203661,3.992440151,1.374212516,77,351,476,563,428,1039,1467,1190.5,,,,,,,,,,,,,,2781.5,0,0,0,0,0,0,0,0,0,2781.5,2781.5,0,0,0,0,0,0,0,0,0,80.25,2861.75
186,177,Cosala,Arispe,,1793,,1793,1793-03-07,,1793,,1793,1793-03-07,,1,1,56,179,110,104,235,214,449,366,1959,772,0.394078612,1187,0.605921388,5.352459016,3.243169399,56,179,110,104,235,214,449,366,,,,,,,,,,,,,,811.5,0,0,0,0,0,0,0,0,0,811.5,811.5,0,0,0,0,0,0,0,0,0,44.0625,855.5625
187,178,Culiacan,Arispe,,1793,,1793,1793-05-31,,1793,,1793,1793-05-31,,6,6,260,572,227,247,832,474,1306,1062.5,5387,1768,0.328197513,3619,0.671802487,5.070117647,3.406117647,260,572,227,247,832,474,1306,1062.5,,,,,,,,,,,,,,2305.25,0,0,0,0,0,0,0,0,0,2305.25,2305.25,0,0,0,0,0,0,0,0,0,155.4375,2460.6875
188,179,Maloya,Arispe,,,,1803,,,1810,,1810,1810-01-17,,3,1,52,117,106,149,169,255,424,345,1460,759,0.519863014,701,0.480136986,4.231884058,2.031884058,0,0,195,191,0,386,386,288.5,,,,,,,,,,,,,,791,0,0,0,0,0,0,0,0,0,791,721.25,0,0,0,0,0,0,0,0,0,0,721.25
189,180,Ostimuri,Arispe,,,,1803,,,,,,,,3,3,29,73,70,95,102,165,267,217.5,918,494,0.538126362,424,0.461873638,4.220689655,1.949425287,29,73,70,95,102,165,267,217.5,,,,,,,,,,,,,,500,0,0,0,0,0,0,0,0,0,500,500,0,0,0,0,0,0,0,0,0,19.125,519.125
190,181,Rosario,Arispe,,1802,,1802,1802-07-15,,1809,,1809,1809-11-18,,1,2,14,47,297,415,61,712,773,617.5,2872,2582,0.89902507,290,0.10097493,4.651012146,0.469635628,31,39,395,362,70,757,827,614,,,,,,,,,,,,,,1516.75,0,0,0,0,0,0,0,0,0,1516.75,1507.75,0,0,0,0,0,0,0,0,0,13.125,1520.875
191,182,Bacalar,Merida,,1803,,1803,1803-12-30,,1809,,1809,1809-02-13,,1,2,0,313,0,0,313,0,313,313,1271,176,0.138473643,1095,0.861526357,4.060702875,3.498402556,0,313,0,51,313,51,364,364,,,,,,,,,,,,,,183.7083333,269.3333333,0,269.3333333,0,14.45833333,14.45833333,19.5625,19.5625,0,506.625,530.25,89.375,0,89.375,0,0,0,0,34.125,0,136.5,790.25
192,183,Bolonchen,Merida,,1803,,1803,1803-09-29,,1809,,1809,1809-01-23,,4,4,0,1832,0,0,1832,0,1832,1832,6534,702,0.107438017,5832,0.892561983,3.566593886,3.183406114,0,1684,0,0,1684,0,1684,1684,,,,,,,,,,,,,,1517.3125,979.65625,0,979.65625,0,80.15625,80.15625,114.5,114.5,0,2806.125,1579,752.375,0,752.375,0,0,0,0,179.1875,0,716.75,3227.3125
193,184,Camino Real alto,Merida,,1803,,1803,1803-04-19,,1808,,1808,1808-11-28,,6,6,0,9213,0,0,9213,0,9213,9213,33474,653,0.019507678,32821,0.980492322,3.633344188,3.562466081,0,8238,0,0,8238,0,8238,8238,,,,,,,,,,,,,,6097.041667,7388.333333,0,7388.333333,0,430.5,430.5,575.8125,575.8125,0,15067.5,6266.125,6087.25,0,6087.25,0,0,0,0,906.8125,0,3627.25,16887.4375
194,185,Camino Real bajo,Merida,,1803,,1803,1803-04-26,,1809,,1809,1809-03-29,,5,11,0,6721,0,0,6721,0,6721,6721,28022,3494,0.124687745,24528,0.875312255,4.169320042,3.649456926,0,6923,0,0,6923,0,6923,6923,,,,,,,,,,,,,,5113.0625,4559.625,0,4559.625,0,309.1875,309.1875,420.0625,420.0625,0,10822,5883.5,4368,0,4368,0,0,0,0,746.8125,0,2987.25,13985.5625
195,186,Campeche,Merida,,1803,,1803,1803-03-28,,1809,,1809,1809-06-22,,1,2,0,1016,0,0,1016,0,1016,1016,5977,1674,0.280073616,4303,0.719926384,5.882874016,4.23523622,0,869,0,0,869,0,869,869,,,,,,,,,,,,,,927.7083333,308.7083333,0,308.7083333,0,40.08333333,40.08333333,63.5,63.5,0,1403.5,904.5,214.5,0,214.5,0,0,0,0,83.375,0,333.5,1535.875
196,188,Costa alta y baja,Merida,,1803,,1803,1803-08-03,,1809,,1809,1809-01-28,,13,13,0,10497,0,0,10497,0,10497,10497,43850,3947,0.090011403,39903,0.909988597,4.177384014,3.801371821,0,11149,0,0,11149,0,11149,11149,,,,,,,,,,,,,,9884.40625,5658.979167,0,5658.979167,0,495.7395833,495.7395833,656.0625,656.0625,0,17351.25,11417.125,5583.5,0,5583.5,0,0,0,0,1247.9375,0,4991.75,23240.3125
197,187,Carmen,Laguna de los Terminos,,1801,,1801,1801-10-14,,1801,,1801,1801-10-14,,2,2,0,132,0,0,132,0,132,132,473,0,0,473,1,3.583333333,3.583333333,0,132,0,0,132,0,132,132,,,,,,,,,,,,,,264.84375,0,0,0,0,7.40625,7.40625,0,8.25,8.25,288.75,272.25,0,0,0,0,0,0,0,8.25,8.25,24.75,313.5
198,189,Merida,Merida,,1803,,1803,1803-08-01,1803-08-06,1809,,1809,1809-01-27,,2,4,0,4732,0,0,4732,0,4732,4732,18405,1492,0.081064928,16913,0.918935072,3.889475909,3.574175824,0,4213,0,0,4213,0,4213,4213,,,,,,,,,,,,,,3823.791667,2093.1875,0,2093.1875,0,191.3958333,191.3958333,295.625,295.625,0,6699.625,3877.75,1473.875,0,1473.875,0,0,0,0,453.25,0,1813,7617.875
199,190,Sacabchen,Merida,,1803,,1803,1803-06-23,,1809,,1809,1809-03-23,,3,3,0,1107,0,0,1107,0,1107,1107,5236,1276,0.243697479,3960,0.756302521,4.729900632,3.577235772,0,985,0,0,985,0,985,985,,,,,,,,,,,,,,973.9791667,456.75,0,456.75,0,46.14583333,46.14583333,69.1875,69.1875,0,1615.25,930.125,383.5,0,383.5,0,0,0,0,101.1875,0,404.75,1819.5625
200,191,Sierra alta,Merida,,1803,,1803,1803-12-03,,1809,,1809,1809-03-23,,4,4,0,9076,0,0,9076,0,9076,9076,35029,3083,0.088012789,31946,0.911987211,3.859519612,3.519832525,0,9267,0,0,9267,0,9267,9267,,,,,,,,,,,,,,9123.9375,4506.083333,0,4506.083333,0,434.2291667,434.2291667,567.25,567.25,0,15198.75,10556.5,3656.25,0,3656.25,0,0,0,0,1038.5625,0,4154.25,19405.5625
201,192,Sierra baja,Merida,,1803,,1803,1803-08-04,,1809,,1809,1809-02-22,,7,7,0,7142,0,0,7142,0,7142,7142,29674,2934,0.098874436,26740,0.901125564,4.154858583,3.744049286,0,7908,0,0,7908,0,7908,7908,,,,,,,,,,,,,,6203.989583,3951.677083,0,3951.677083,0,324.8333333,324.8333333,446.375,446.375,0,11373.25,7625.625,3864.25,0,3864.25,0,0,0,0,881,0,3524,15894.875
202,193,Sotuta,Merida,,1803,,1803,1803-08-10,,1809,,1809,1809-02-22,,6,6,0,7031,0,0,7031,0,7031,7031,29300,3382,0.115426621,25918,0.884573379,4.16725928,3.686246622,0,7707,0,0,7707,0,7707,7707,,,,,,,,,,,,,,4635.1875,5934.59375,0,5934.59375,0,336.71875,336.71875,439.4375,439.4375,0,11785.375,6346.125,5593.25,0,5593.25,0,0,0,0,875.0625,0,3500.25,16314.6875
203,194,Tabasco,Tabasco,,1803,,1803,1803-09-09,,1810,,1810,1810-11-15,,35,31,0,5034,0,0,5034,0,5034,5034,20432,1943,0.095095928,18489,0.904904072,4.058800159,3.672824791,0,6042,0,0,6042,0,6042,6042,,,,,,,,,,,,,,5849.53125,4249.9375,0,4249.9375,0,283.15625,283.15625,0,314.625,314.625,11011.875,9217.75,2866.25,0,2866.25,0,0,0,0,377.625,377.625,0,12839.25
204,195,Tiosuco,Merida,,1803,,1803,1803-03-19,,1809,,1809,1809-03-06,,7,7,0,7441,0,0,7441,0,7441,7441,28310,792,0.02797598,27518,0.97202402,3.804596156,3.69815885,0,8304,0,0,8304,0,8304,8304,,,,,,,,,,,,,,5994.583333,5512.5,0,5512.5,0,365.7916667,365.7916667,465.0625,465.0625,0,12803,7180,6062.875,0,6062.875,0,0,0,0,963.25,0,3853,18059.125
205,196,Tisimin,Merida,,1803,,1803,1803-05-30,,1809,,1809,1809-03-03,,7,7,0,3573,0,0,3573,0,3573,3573,16881,2209,0.130857177,14672,0.869142823,4.724601175,4.106353205,0,4075,0,897,4075,897,4972,4972,,,,,,,,,,,,,,2978.03125,2249.104167,0,2249.104167,0,166.8645833,166.8645833,223.3125,223.3125,0,5840.625,6492,2356.25,0,2356.25,0,0,0,0,460.125,0,1840.5,11148.875
206,197,Valladolid,Merida,,1803,,1803,1803-06-28,,1809,,1809,1809-05-10,,9,8,0,6435,0,0,6435,0,6435,6435,27483,1279,0.04653786,26204,0.95346214,4.270862471,4.072105672,0,7268,0,0,7268,0,7268,7268,,,,,,,,,,,,,,5673.510417,3759.53125,0,3759.53125,0,301.0833333,301.0833333,402.1875,402.1875,0,10538.5,6698.5,4307.875,0,4307.875,0,0,0,0,831.125,0,3324.5,15162
